0	[PAD]
1	[UNK]
2	[CLS]
3	[SEP]
4	[MASK]
5	(+)-CAMPHOR BIOSYNTHESIS:PWY-6990
6	(+)-CAMPHOR DEGRADATION:P601-PWY
7	(+)-PISATIN BIOSYNTHESIS:PWY-2467
8	(+)-SECOISOLARICIRESINOL DIGLUCOSIDE BIOSYNTHESIS:PWY-7487
9	(-)-4'-DEMETHYL-EPIPODOPHYLLOTOXIN BIOSYNTHESIS:PWY-7749
10	(-)-CAMPHOR BIOSYNTHESIS:PWY-6991
11	(-)-CAMPHOR DEGRADATION:PWY-6989
12	(-)-DEHYDRODICONIFERYL ALCOHOL DEGRADATION:PWY-7557
13	(-)-GLYCINOL BIOSYNTHESIS:PWY-2761
14	(-)-MAACKIAIN BIOSYNTHESIS:PWY-2464
15	(-)-MEDICARPIN BIOSYNTHESIS:PWY-2463
16	(-)-MICROPERFURANONE BIOSYNTHESIS:PWY-7556
17	(1'S,5'S)-AVERUFIN BIOSYNTHESIS:PWY-5954
18	(1,3)-BETA;-D-XYLAN DEGRADATION:PWY-6789
19	(1,4)-BETA;-D-XYLAN DEGRADATION:PWY-6717
20	(2-TRIMETHYLAMINO)ETHYLPHOSPHONATE DEGRADATION:PWY-8124
21	(2S,3E)-2-AMINO-4-METHOXY-BUT-3-ENOATE BIOSYNTHESIS:PWY-7907
22	(3E)-4,8-DIMETHYLNONA-1,3,7-TRIENE BIOSYNTHESIS I:PWY-5434
23	(3E)-4,8-DIMETHYLNONA-1,3,7-TRIENE BIOSYNTHESIS II:PWY-6007
24	(3R)-LINALOOL BIOSYNTHESIS:PWY-7709
25	(3S)-LINALOOL BIOSYNTHESIS:PWY-7141
26	(4R)-CARVEOL AND (4R)-DIHYDROCARVEOL DEGRADATION:PWY-5922
27	(4R)-CARVONE BIOSYNTHESIS:PWY-5928
28	(4S)-CARVEOL AND (4S)-DIHYDROCARVEOL DEGRADATION:PWY-5927
29	(4S)-CARVONE BIOSYNTHESIS:PWY-7443
30	(4Z,7Z,10Z,13Z,16Z)-DOCOSA-4,7,10,13,16-PENTAENOATE BIOSYNTHESIS II (4-DESATURASE):PWY-7728
31	(4Z,7Z,10Z,13Z,16Z)-DOCOSAPENTAENOATE BIOSYNTHESIS (6-DESATURASE):PWY-7726
32	(5R)-CARBAPENEM CARBOXYLATE BIOSYNTHESIS:PWY-5737
33	(5Z)-DODECENOATE BIOSYNTHESIS I:PWY0-862
34	(5Z)-DODECENOATE BIOSYNTHESIS II:PWY-7858
35	(5Z)-ICOSENOATE BIOSYNTHESIS:PWY-5361
36	(7Z,10Z,13Z)-HEXADECATRIENOATE BIOSYNTHESIS:PWY-7590
37	(8E,10E)-DODECA-8,10-DIENOL BIOSYNTHESIS:PWY-7654
38	(9Z)-TRICOSENE BIOSYNTHESIS:PWY-7035
39	(AMINOMETHYL)PHOSPHONATE DEGRADATION:PWY-7805
40	(E,E)-4,8,12-TRIMETHYLTRIDECA-1,3,7,11-TETRAENE BIOSYNTHESIS:PWY-6668
41	(KDO)2-LIPID A BIOSYNTHESIS I (E. COLI):KDO-LIPASYN-PWY
42	(KDO)2-LIPID A BIOSYNTHESIS II (P. PUTIDA):PWY-8075
43	(R)- AND (S)-3-HYDROXYBUTANOATE BIOSYNTHESIS (ENGINEERED):PWY-7216
44	(R)-CANADINE BIOSYNTHESIS:PWY-7522
45	(R)-CYSTEATE DEGRADATION:PWY-6642
46	(R,R)-BUTANEDIOL BIOSYNTHESIS:PWY-5951
47	(R,R)-BUTANEDIOL DEGRADATION:PWY3O-246
48	(S)-LACTATE FERMENTATION TO PROPANOATE, ACETATE AND HYDROGEN:PWY-8086
49	(S)-PROPANE-1,2-DIOL DEGRADATION:PWY-7013
50	(S)-RETICULINE BIOSYNTHESIS I:PWY-3581
51	(S)-RETICULINE BIOSYNTHESIS II:PWY-6133
52	(S,S)-BUTANEDIOL BIOSYNTHESIS:PWY-6390
53	(S,S)-BUTANEDIOL DEGRADATION:PWY-6388
54	(Z)-BUTANETHIAL-S-OXIDE BIOSYNTHESIS:PWY-6900
55	(Z)-PHENYLMETHANETHIAL S-OXIDE BIOSYNTHESIS:PWY-6539
56	1,2,4,5-TETRACHLOROBENZENE DEGRADATION:PWY-6099
57	1,2,4-TRICHLOROBENZENE DEGRADATION:PWY-6091
58	1,2-DICHLOROBENZENE DEGRADATION:PWY-6090
59	1,2-DICHLOROETHANE DEGRADATION:12DICHLORETHDEG-PWY
60	1,2-PROPANEDIOL BIOSYNTHESIS FROM LACTATE (ENGINEERED):PWY-7541
61	1,3,5-TRIMETHOXYBENZENE BIOSYNTHESIS:PWY-5765
62	1,3-BETA;-D-GLUCAN BIOSYNTHESIS:PWY-6773
63	1,3-DICHLOROBENZENE DEGRADATION:PWY-6081
64	1,3-DIMETHYLBENZENE DEGRADATION TO 3-METHYLBENZOATE:PWY-5428
65	1,3-PROPANEDIOL BIOSYNTHESIS (ENGINEERED):PWY-7385
66	1,4-DICHLOROBENZENE DEGRADATION:14DICHLORBENZDEG-PWY
67	1,4-DIHYDROXY-6-NAPHTHOATE BIOSYNTHESIS I:PWY-7374
68	1,4-DIHYDROXY-6-NAPHTHOATE BIOSYNTHESIS II:PWY-7371
69	1,4-DIMETHYLBENZENE DEGRADATION TO 4-METHYLBENZOATE:PWY-5429
70	1,5-ANHYDROFRUCTOSE DEGRADATION:PWY-6992
71	1,8-CINEOLE DEGRADATION:6-HYDROXYCINEOLE-DEGRADATION-PWY
72	1-BUTANOL AUTOTROPHIC BIOSYNTHESIS (ENGINEERED):PWY-6886
73	1-CHLORO-2-NITROBENZENE DEGRADATION:PWY-7681
74	1-TUBERCULOSINYLADENOSINE BIOSYNTHESIS:PWY-5935
75	10,13-EPOXY-11-METHYL-OCTADECADIENOATE BIOSYNTHESIS:PWY-7691
76	10-CIS-HEPTADECENOYL-COA DEGRADATION (YEAST):PWY-7337
77	10-METHYLSTEARATE BIOSYNTHESIS:PWY-8172
78	10-TRANS-HEPTADECENOYL-COA DEGRADATION (MFE-DEPENDENT, YEAST):PWY-7339
79	10-TRANS-HEPTADECENOYL-COA DEGRADATION (REDUCTASE-DEPENDENT, YEAST):PWY-7338
80	11-CIS-3-HYDROXYRETINAL BIOSYNTHESIS:PWY-7043
81	12-EPI-FISCHERINDOLE BIOSYNTHESIS:PWY-7958
82	12-EPI-HAPALINDOLE BIOSYNTHESIS:PWY-7959
83	15-EPI-LIPOXIN BIOSYNTHESIS:PWY66-393
84	1D-MYO-INOSITOL HEXAKISPHOSPHATE BIOSYNTHESIS I (FROM INS(1,4,5)P3):PWY-6361
85	1D-MYO-INOSITOL HEXAKISPHOSPHATE BIOSYNTHESIS II (MAMMALIAN):PWY-6362
86	1D-MYO-INOSITOL HEXAKISPHOSPHATE BIOSYNTHESIS III (SPIRODELA POLYRRHIZA):PWY-4661
87	1D-MYO-INOSITOL HEXAKISPHOSPHATE BIOSYNTHESIS IV (DICTYOSTELIUM):PWY-6372
88	1D-MYO-INOSITOL HEXAKISPHOSPHATE BIOSYNTHESIS V (FROM INS(1,3,4)P3):PWY-6554
89	2'-DEOXYMUGINEIC ACID PHYTOSIDEROPHORE BIOSYNTHESIS:PWY-5912
90	2,2'-BIS-(4-HYDROXY-3-METHYBUT-2-ENYL)-BETA;,BETA;-CAROTENE MONOGLUCOSIDE BIOSYNTHESIS:PWY-7945
91	2,2'-DIHYDROXYBIPHENYL DEGRADATION:PWY-7009
92	2,2'-DIHYDROXYKETOCAROTENOIDS BIOSYNTHESIS:PWY-7637
93	2,3-CIS-FLAVANOLS BIOSYNTHESIS:PWY-6035
94	2,3-DIHYDROXYBENZOATE BIOSYNTHESIS:PWY-5901
95	2,3-DIHYDROXYBENZOATE DEGRADATION:PWY-7480
96	2,3-TRANS-FLAVANOLS BIOSYNTHESIS:PWY-6029
97	2,4,5-TRICHLOROPHENOXYACETATE DEGRADATION:PWY-6200
98	2,4,6-TRICHLOROPHENOL DEGRADATION:PWY-6178
99	2,4,6-TRINITROPHENOL AND 2,4-DINITROPHENOL DEGRADATION:PWY-7627
100	2,4,6-TRINITROTOLUENE DEGRADATION:PWY-6051
101	2,4-DICHLOROPHENOXYACETATE DEGRADATION:PWY-6085
102	2,4-DICHLOROTOLUENE DEGRADATION:PWY-6190
103	2,4-DINITROANISOLE DEGRADATION:PWY-7628
104	2,4-DINITROTOLUENE DEGRADATION:PWY-5642
105	2,4-XYLENOL DEGRADATION TO PROTOCATECHUATE:PWY-7703
106	2,5-DICHLOROTOLUENE DEGRADATION:PWY-6191
107	2,5-XYLENOL AND 3,5-XYLENOL DEGRADATION:PWY-7698
108	2,6-DINITROTOLUENE DEGRADATION:PWY-5643
109	2-ACETAMIDO-4-AMINO-2,4,6-TRIDEOXY-ALPHA;-D-GALACTOSYL-DIPHOSPHO-DITRANS,OCTACIS-UNDECAPRENOL BIOSYNTHESIS:PWY-7467
110	2-AMINO-3-CARBOXYMUCONATE SEMIALDEHYDE DEGRADATION TO 2-HYDROXYPENTADIENOATE:PWY-5654
111	2-AMINO-3-CARBOXYMUCONATE SEMIALDEHYDE DEGRADATION TO GLUTARYL-COA:PWY-5652
112	2-AMINO-3-HYDROXYCYCLOPENT-2-ENONE BIOSYNTHESIS:PWY-7536
113	2-AMINOETHYLPHOSPHONATE BIOSYNTHESIS:PWY-6839
114	2-AMINOETHYLPHOSPHONATE DEGRADATION I:PHOSPHONOTASE-PWY
115	2-AMINOETHYLPHOSPHONATE DEGRADATION II:PWY-6832
116	2-AMINOETHYLPHOSPHONATE DEGRADATION III:PWY-7447
117	2-AMINOPHENOL DEGRADATION:PWY-6210
118	2-ARACHIDONOYLGLYCEROL BIOSYNTHESIS:PWY-8052
119	2-CARBOXY-1,4-NAPHTHOQUINOL BIOSYNTHESIS:PWY-5837
120	2-CHLOROACRYLATE DEGRADATION I:PWY-7425
121	2-CHLOROACRYLATE DEGRADATION II:PWY-7428
122	2-CHLOROBENZOATE DEGRADATION:PWY-6221
123	2-DEOXY-ALPHA;-D-RIBOSE 1-PHOSPHATE DEGRADATION:PWY-7180
124	2-DEOXY-D-GLUCOSE 6-PHOSPHATE DEGRADATION:PWY-8121
125	2-DEOXY-D-RIBOSE DEGRADATION I:PWY-8060
126	2-DEOXY-D-RIBOSE DEGRADATION II:PWY-8058
127	2-HEPTYL-3-HYDROXY-4(1H)-QUINOLONE BIOSYNTHESIS:PWY-6660
128	2-HYDROXYBIPHENYL DEGRADATION:PWY-7008
129	2-HYDROXYPARACONATE AND ITATARTARATE BIOSYNTHESIS:PWY-8019
130	2-HYDROXYPENTA-2,4-DIENOATE DEGRADATION:PWY-5162
131	2-HYDROXYPHENAZINE BIOSYNTHESIS:PWY-5776
132	2-ISOPROPYLPHENOL DEGRADATION:PWY-7011
133	2-KETO-L-GULONATE BIOSYNTHESIS:PWY-5782
134	2-METHYL-BRANCHED FATTY ACID BETA;-OXIDATION:PWY-8181
135	2-METHYLADENINYL ADENOSYLCOBAMIDE BIOSYNTHESIS FROM ADENOSYLCOBINAMIDE-GDP:PWY-7965
136	2-METHYLCITRATE CYCLE I:PWY0-42
137	2-METHYLCITRATE CYCLE II:PWY-5747
138	2-METHYLISOBORNEOL BIOSYNTHESIS:PWY-7087
139	2-METHYLKETONE BIOSYNTHESIS:PWY-6585
140	2-METHYLPROPENE DEGRADATION:PWY-7778
141	2-NITROBENZOATE DEGRADATION I:PWY-5647
142	2-NITROBENZOATE DEGRADATION II:PWY-5648
143	2-NITROPHENOL DEGRADATION:PWY-5636
144	2-NITROTOLUENE DEGRADATION:PWY-5641
145	2-O-ACETYL-3-O-TRANS-COUTARATE BIOSYNTHESIS:PWY-7460
146	2-O-ALPHA;-MANNOSYL-D-GLYCERATE DEGRADATION:PWY0-1300
147	2-OXOBUTANOATE DEGRADATION I:PWY-5130
148	2-OXOBUTANOATE DEGRADATION II:2OXOBUTYRATECAT-PWY
149	2-OXOGLUTARATE DECARBOXYLATION TO SUCCINYL-COA:PWY-5084
150	2-OXOISOVALERATE DECARBOXYLATION TO ISOBUTANOYL-COA:PWY-5046
151	2-PROPYLPHENOL DEGRADATION:PWY-7010
152	2ALPHA;,7BETA;-DIHYDROXYLATION OF TAXUSIN:PWY-7065
153	3,3'-DISULFANEDIYLDIPROPANNOATE DEGRADATION:PWY-7462
154	3,3'-THIODIPROPANOATE DEGRADATION:PWY-7465
155	3,4,6-TRICHLOROCATECHOL DEGRADATION:PWY-6094
156	3,4-DICHLOROBENZOATE DEGRADATION:PWY-6217
157	3,4-DICHLOROTOLUENE DEGRADATION:PWY-6192
158	3,4-DIHYDROXYMANDELONITRILE BETA;-D-GLUCOSE BIOSYNTHESIS:PWY-7095
159	3,5,6-TRICHLORO-2-PYRIDINOL DEGRADATION:PWY-7512
160	3,5-DICHLOROCATECHOL DEGRADATION:PWY-6084
161	3,5-DIMETHOXYTOLUENE BIOSYNTHESIS:PWY-7076
162	3,6-ANHYDRO-ALPHA;-L-GALACTOPYRANOSE DEGRADATION:PWY-7562
163	3,8-DIVINYL-CHLOROPHYLLIDE A BIOSYNTHESIS I (AEROBIC, LIGHT-DEPENDENT):CHLOROPHYLL-SYN
164	3,8-DIVINYL-CHLOROPHYLLIDE A BIOSYNTHESIS II (ANAEROBIC):PWY-5531
165	3,8-DIVINYL-CHLOROPHYLLIDE A BIOSYNTHESIS III (AEROBIC, LIGHT INDEPENDENT):PWY-7159
166	3-(4-HYDROXYPHENYL)PYRUVATE BIOSYNTHESIS:PWY-5886
167	3-(4-SULFOPHENYL)BUTANOATE DEGRADATION:PWY-7521
168	3-(IMIDAZOL-5-YL)LACTATE SALVAGE:PWY-5029
169	3-AMINO-4,7-DIHYDROXY-COUMARIN BIOSYNTHESIS:PWY-7304
170	3-AMINO-5-HYDROXYBENZOATE BIOSYNTHESIS:PWY-5979
171	3-CARENE BIOSYNTHESIS:PWY-6451
172	3-CHLOROBENZOATE DEGRADATION I (VIA CHLOROCATECHOL):PWY-6088
173	3-CHLOROBENZOATE DEGRADATION II (VIA PROTOCATECHUATE):PWY-6216
174	3-CHLOROBENZOATE DEGRADATION III (VIA GENTISATE):PWY-6228
175	3-CHLOROCATECHOL DEGRADATION I (ORTHO):PWY-6089
176	3-CHLOROCATECHOL DEGRADATION II (ORTHO):PWY-6193
177	3-CHLOROCATECHOL DEGRADATION III (META PATHWAY):PWY-6214
178	3-CHLOROTOLUENE DEGRADATION I:PWY-6103
179	3-CHLOROTOLUENE DEGRADATION II:PWY-6104
180	3-DEHYDROQUINATE BIOSYNTHESIS I:PWY-6164
181	3-DEHYDROQUINATE BIOSYNTHESIS II (ARCHAEA):PWY-6160
182	3-DIMETHYLALLYL-4-HYDROXYBENZOATE BIOSYNTHESIS:PWY-7303
183	3-HYDROXY-4-METHYL-ANTHRANILATE BIOSYNTHESIS I:PWY-7717
184	3-HYDROXY-4-METHYL-ANTHRANILATE BIOSYNTHESIS II:PWY-7765
185	3-HYDROXY-4-METHYL-PROLINE BIOSYNTHESIS:PWY-7648
186	3-HYDROXY-L-HOMOTYROSINE BIOSYNTHESIS:PWY-7649
187	3-HYDROXYPROPANOATE CYCLE:PWY-5743
188	3-HYDROXYPROPANOATE/4-HYDROXYBUTANATE CYCLE:PWY-5789
189	3-HYDROXYQUINALDATE BIOSYNTHESIS:PWY-7733
190	3-METHYL-BRANCHED FATTY ACID ALPHA;-OXIDATION:PWY66-387
191	3-METHYLARGININE BIOSYNTHESIS:PWY-6511
192	3-METHYLBUTANOL BIOSYNTHESIS (ENGINEERED):PWY-6871
193	3-METHYLQUINOLINE DEGRADATION:PWY-721
194	3-METHYLTHIOPROPANOATE BIOSYNTHESIS:PWY-5389
195	3-OXOADIPATE DEGRADATION:PWY-2361
196	3-PHENYLPROPANOATE AND 3-(3-HYDROXYPHENYL)PROPANOATE DEGRADATION TO 2-HYDROXYPENTADIENOATE:HCAMHPDEG-PWY
197	3-PHENYLPROPANOATE AND 3-(3-HYDROXYPHENYL)PROPANOATE DEGRADATION:PWY0-1277
198	3-PHENYLPROPANOATE DEGRADATION:P281-PWY
199	3-PHOSPHOINOSITIDE BIOSYNTHESIS:PWY-6352
200	3-PHOSPHOINOSITIDE DEGRADATION:PWY-6368
201	3-SULFOPROPANEDIOL DEGRADATION:PWY-6634
202	3-[(E)-2-ISOCYANOETHENYL]-1H-INDOLE BIOSYNTHESIS:PWY-7956
203	3BETA;-HYDROXYSESQUITERPENE LACTONE BIOSYNTHESIS:PWY-7497
204	3PG-FACTOR 420 BIOSYNTHESIS:PWY-8113
205	4'-METHOXYVIRIDICATIN BIOSYNTHESIS:PWY-7705
206	4,4'-DIAPOLYCOPENEDIOATE BIOSYNTHESIS:PWY-6767
207	4,4'-DISULFANEDIYLDIBUTANOATE DEGRADATION:PWY-7898
208	4,5-DICHLOROCATECHOL DEGRADATION:PWY-6093
209	4-AMINO-2-METHYL-5-DIPHOSPHOMETHYLPYRIMIDINE BIOSYNTHESIS I:PWY-6890
210	4-AMINO-2-METHYL-5-DIPHOSPHOMETHYLPYRIMIDINE BIOSYNTHESIS II:PWY-7282
211	4-AMINO-3-HYDROXYBENZOATE DEGRADATION:PWY-7006
212	4-AMINOBENZOATE BIOSYNTHESIS:PWY-6543
213	4-AMINOBUTANOATE DEGRADATION I:PWY-6535
214	4-AMINOBUTANOATE DEGRADATION II:PWY-6537
215	4-AMINOBUTANOATE DEGRADATION III:PWY-6536
216	4-AMINOBUTANOATE DEGRADATION IV:PWY-6473
217	4-AMINOBUTANOATE DEGRADATION V:PWY-5022
218	4-AMINOPHENOL DEGRADATION:PWY-7081
219	4-CHLORO-2-METHYLPHENOXYACETATE DEGRADATION:PWY-6086
220	4-CHLOROBENZOATE DEGRADATION:PWY-6215
221	4-CHLOROCATECHOL DEGRADATION:PWY-6087
222	4-CHLORONITROBENZENE DEGRADATION:PWY-5645
223	4-COUMARATE DEGRADATION (AEROBIC):PWY-8002
224	4-COUMARATE DEGRADATION (ANAEROBIC):PWY-7046
225	4-DEOXY-L-THREO-HEX-4-ENOPYRANURONATE DEGRADATION:PWY-6507
226	4-ETHYLPHENOL DEGRADATION (ANAEROBIC):PWY-6080
227	4-HYDROXY-2(1H)-QUINOLONE BIOSYNTHESIS:PWY-6661
228	4-HYDROXY-2-NONENAL DETOXIFICATION:PWY-7112
229	4-HYDROXY-4-METHYL-L-GLUTAMATE BIOSYNTHESIS:PWY-7701
230	4-HYDROXYACETOPHENONE DEGRADATION:PWY-7002
231	4-HYDROXYBENZOATE BIOSYNTHESIS I (EUKARYOTES):PWY-5754
232	4-HYDROXYBENZOATE BIOSYNTHESIS II (BACTERIA):PWY-5755
233	4-HYDROXYBENZOATE BIOSYNTHESIS III (PLANTS):PWY-6435
234	4-HYDROXYBENZOATE BIOSYNTHESIS IV (PLANTS):PWY-6431
235	4-HYDROXYCOUMARIN AND DICOUMAROL BIOSYNTHESIS:PWY-6418
236	4-HYDROXYINDOLE-3-CARBONYL NITRILE BIOSYNTHESIS:PWY-8024
237	4-HYDROXYMANDELATE DEGRADATION:4-HYDROXYMANDELATE-DEGRADATION-PWY
238	4-HYDROXYPHENYLACETATE DEGRADATION:3-HYDROXYPHENYLACETATE-DEGRADATION-PWY
239	4-METHYLCATECHOL DEGRADATION (ORTHO CLEAVAGE):PWY-6185
240	4-METHYLPHENOL DEGRADATION TO PROTOCATECHUATE:PWY-7700
241	4-METHYLPHENYL ADENOSYLCOBAMIDE BIOSYNTHESIS FROM ADENOSYLCOBINAMIDE-GDP:PWY-7963
242	4-NITROBENZOATE DEGRADATION:PWY-2381
243	4-NITROPHENOL DEGRADATION I:PWY-5487
244	4-NITROPHENOL DEGRADATION II:PWY-5488
245	4-NITROTOLUENE DEGRADATION I:P421-PWY
246	4-NITROTOLUENE DEGRADATION II:PWY-5644
247	4-OXOPENTANOATE DEGRADATION:PWY-7948
248	4-SULFOCATECHOL DEGRADATION:PWY-6041
249	4-TOLUENECARBOXYLATE DEGRADATION:4TOLCARBDEG-PWY
250	4-TOLUENESULFONATE DEGRADATION I:TOLSULFDEG-PWY
251	4-TOLUENESULFONATE DEGRADATION II:PWY-5165
252	5'-DEOXYADENOSINE DEGRADATION I:PWY-8130
253	5'-DEOXYADENOSINE DEGRADATION II:PWY-8131
254	5,5'-DEHYDRODIVANILLATE DEGRADATION:PWY-6340
255	5,6-DIMETHYLBENZIMIDAZOLE BIOSYNTHESIS I (AEROBIC):PWY-5523
256	5,6-DIMETHYLBENZIMIDAZOLE BIOSYNTHESIS II (ANAEROBIC):PWY-7729
257	5-(METHOXYCARBONYLMETHOXY)URIDINE BIOSYNTHESIS:PWY0-1554
258	5-AMINOIMIDAZOLE RIBONUCLEOTIDE BIOSYNTHESIS I:PWY-6121
259	5-AMINOIMIDAZOLE RIBONUCLEOTIDE BIOSYNTHESIS II:PWY-6122
260	5-CHLORO-3-METHYL-CATECHOL DEGRADATION:PWY-6102
261	5-DEOXYSTRIGOL BIOSYNTHESIS:PWY-7101
262	5-HEXYNOATE BIOSYNTHESIS:PWY-7641
263	5-HYDROXYBENZIMIDAZOLE BIOSYNTHESIS (ANAEROBIC):PWY-8097
264	5-HYDROXYBENZIMIDAZOLYL ADENOSYLCOBAMIDE BIOSYNTHESIS FROM ADENOSYLCOBINAMIDE-GDP:PWY-7969
265	5-HYDROXYMETHYLFURFURAL DEGRADATION:PWY-6995
266	5-METHOXY-6-METHYLBENZIMIDAZOLE BIOSYNTHESIS (ANAEROBIC):PWY-8095
267	5-METHOXY-6-METHYLBENZIMIDAZOLYL ADENOSYLCOBAMIDE BIOSYNTHESIS FROM ADENOSYLCOBINAMIDE-GDP:PWY-7966
268	5-METHOXYBENZIMIDAZOLE BIOSYNTHESIS (ANAEROBIC):PWY-8096
269	5-METHOXYBENZIMIDAZOLYL ADENOSYLCOBAMIDE BIOSYNTHESIS FROM ADENOSYLCOBINAMIDE-GDP:PWY-7967
270	5-METHYLBENZIMIDAZOLYL ADENOSYLCOBAMIDE BIOSYNTHESIS FROM ADENOSYLCOBINAMIDE-GDP:PWY-7968
271	5-N-ACETYLARDEEMIN BIOSYNTHESIS:PWY-7543
272	5-NITROANTHRANILATE DEGRADATION:PWY-7044
273	5-OXO-L-PROLINE METABOLISM:PWY-7942
274	6'-DECHLOROMELLEOLIDE F BIOSYNTHESIS:PWY-7911
275	6'-DEOXYCHALCONE METABOLISM:PWY-5161
276	6,7,4'-TRIHYDROXYISOFLAVONE BIOSYNTHESIS:PWY-5061
277	6-GINGEROL ANALOG BIOSYNTHESIS (ENGINEERED):PWY-6920
278	6-GINGEROL BIOSYNTHESIS:PWY-6835
279	6-HYDROXYMETHYL-DIHYDROPTERIN DIPHOSPHATE BIOSYNTHESIS I:PWY-6147
280	6-HYDROXYMETHYL-DIHYDROPTERIN DIPHOSPHATE BIOSYNTHESIS II (METHANOCALDOCOCCUS):PWY-6797
281	6-HYDROXYMETHYL-DIHYDROPTERIN DIPHOSPHATE BIOSYNTHESIS III (CHLAMYDIA):PWY-7539
282	6-HYDROXYMETHYL-DIHYDROPTERIN DIPHOSPHATE BIOSYNTHESIS IV (PLASMODIUM):PWY-7852
283	6-HYDROXYMETHYL-DIHYDROPTERIN DIPHOSPHATE BIOSYNTHESIS V (PYROCOCCUS):PWY-7853
284	6-METHOXYMELLEIN BIOSYNTHESIS:PWY-4922
285	6-METHOXYPODOPHYLLOTOXIN BIOSYNTHESIS:PWY-5479
286	6-METHYLPRETETRAMIDE BIOSYNTHESIS:PWY-7811
287	7-(3-AMINO-3-CARBOXYPROPYL)-WYOSINE BIOSYNTHESIS:PWY-7286
288	7-DEHYDROPORIFERASTEROL BIOSYNTHESIS:PWY-7155
289	8-AMINO-7-OXONONANOATE BIOSYNTHESIS I:PWY-6519
290	8-AMINO-7-OXONONANOATE BIOSYNTHESIS II:PWY-7147
291	8-AMINO-7-OXONONANOATE BIOSYNTHESIS III:PWY-6578
292	8-METHYLMENAQUINONE BIOSYNTHESIS:PWY-7864
293	8-O-METHYLATED BENZOXAZINOID GLUCOSIDE BIOSYNTHESIS:PWY-8076
294	8-O-METHYLFUSARUBIN BIOSYNTHESIS:PWY-7689
295	8-OXO-(D)GTP DETOXIFICATION I:PWY-6502
296	8-OXO-(D)GTP DETOXIFICATION II:PWY-8061
297	9-CIS, 11-TRANS-OCTADECADIENOYL-COA DEGRADATION (ISOMERASE-DEPENDENT, YEAST):PWY-7340
298	9-DECYNOATE BIOSYNTHESIS:PWY-8141
299	9-LIPOXYGENASE AND 9-ALLENE OXIDE SYNTHASE PATHWAY:PWY-5407
300	9-LIPOXYGENASE AND 9-HYDROPEROXIDE LYASE PATHWAY:PWY-5408
301	A SERIES FAGOPYRITOLS BIOSYNTHESIS:PWY-5380
302	A-FACTOR GAMMA;-BUTYROLACTONE BIOSYNTHESIS:PWY-7878
303	ABH AND LEWIS EPITOPES BIOSYNTHESIS FROM TYPE 1 PRECURSOR DISACCHARIDE:PWY-7832
304	ABH AND LEWIS EPITOPES BIOSYNTHESIS FROM TYPE 2 PRECURSOR DISACCHARIDE:PWY-7831
305	ABIETIC ACID BIOSYNTHESIS:PWY-5411
306	ABSCISIC ACID BIOSYNTHESIS SHUNT:PWY4FS-17
307	ABSCISIC ACID BIOSYNTHESIS:PWY-695
308	ABSCISIC ACID DEGRADATION BY GLUCOSYLATION:PWY-5272
309	ABSCISIC ACID DEGRADATION TO 7'-HYDROXYABSCISATE:PWY-7642
310	ABSCISIC ACID DEGRADATION TO NEOPHASEIC ACID:PWY-7640
311	ABSCISIC ACID DEGRADATION TO PHASEIC ACID:PWY-5271
312	AC/N-END RULE PATHWAY:PWY-7800
313	ACACETIN BIOSYNTHESIS:PWY-5119
314	ACETALDEHYDE BIOSYNTHESIS I:PWY-6333
315	ACETALDEHYDE BIOSYNTHESIS II:PWY-6330
316	ACETAN BIOSYNTHESIS:PWY-6658
317	ACETATE AND ATP FORMATION FROM ACETYL-COA I:PWY0-1312
318	ACETATE AND ATP FORMATION FROM ACETYL-COA II:PWY-5535
319	ACETATE CONVERSION TO ACETYL-COA:PWY0-1313
320	ACETATE FORMATION FROM ACETYL-COA (SUCCINATE):PWY-5536
321	ACETOACETATE DEGRADATION (TO ACETYL COA):ACETOACETATE-DEG-PWY
322	ACETOIN DEGRADATION:PWY-6028
323	ACETONE DEGRADATION I (TO METHYLGLYOXAL):PWY-5451
324	ACETONE DEGRADATION II (TO ACETOACETATE):PWY-5533
325	ACETONE DEGRADATION III (TO PROPANE-1,2-DIOL):PWY-7466
326	ACETYL-COA BIOSYNTHESIS FROM CITRATE:PWY-5172
327	ACETYL-COA FERMENTATION TO BUTANOATE II:PWY-5676
328	ACETYLASZONALENIN BIOSYNTHESIS:PWY-7532
329	ACETYLENE DEGRADATION (ANAEROBIC):P161-PWY
330	ACHROMOBACTIN BIOSYNTHESIS:PWY-6574
331	ACINETOBACTIN BIOSYNTHESIS:PWY-7984
332	ACINETOFERRIN BIOSYNTHESIS:PWY-7989
333	ACLACINOMYCIN BIOSYNTHESIS:PWY-7354
334	ACRIDONE ALKALOID BIOSYNTHESIS:PWY-5958
335	ACRYLATE DEGRADATION I:PWY-6373
336	ACRYLATE DEGRADATION II:PWY-8180
337	ACRYLONITRILE DEGRADATION I:PWY-7308
338	ACRYLONITRILE DEGRADATION II:PWY-7309
339	ACTINOMYCIN D BIOSYNTHESIS:PWY-7718
340	ACTINORHODIN BIOSYNTHESIS:PWY1A0-6325
341	ACYL CARRIER PROTEIN ACTIVATION:PWY-6012-1
342	ACYL CARRIER PROTEIN METABOLISM:PWY-6012
343	ACYL-COA HYDROLYSIS:PWY-5148
344	ACYL-[ACYL-CARRIER PROTEIN] THIOESTERASE PATHWAY:PWY-5142
345	ACYLATED CYANIDIN GALACTOSIDE BIOSYNTHESIS:PWY-7449
346	ACYLCERAMIDE BIOSYNTHESIS:PWY-8042
347	ACYLSUCROSE BIOSYNTHESIS (SOLANUM HABROCHAITES):PWY18C3-16
348	ACYLSUCROSE BIOSYNTHESIS (SOLANUM PENNELLII):PWY18C3-15
349	ADAMANTANONE DEGRADATION:P481-PWY
350	ADENINE AND ADENOSINE SALVAGE I:P121-PWY
351	ADENINE AND ADENOSINE SALVAGE II:PWY-6605
352	ADENINE AND ADENOSINE SALVAGE III:PWY-6609
353	ADENINE AND ADENOSINE SALVAGE V:PWY-6611
354	ADENINE AND ADENOSINE SALVAGE VI:PWY-6619
355	ADENINE SALVAGE:PWY-6610
356	ADENINYL ADENOSYLCOBAMIDE BIOSYNTHESIS FROM ADENOSYLCOBINAMIDE-GDP:PWY-7964
357	ADENOSINE 5'-PHOSPHORAMIDATE BIOSYNTHESIS:PWY-6794
358	ADENOSINE DEOXYRIBONUCLEOTIDES DE NOVO BIOSYNTHESIS II:PWY-7220
359	ADENOSINE DEOXYRIBONUCLEOTIDES DE NOVO BIOSYNTHESIS:PWY-7227
360	ADENOSINE NUCLEOTIDES DEGRADATION I:PWY-6596
361	ADENOSINE NUCLEOTIDES DEGRADATION II:SALVADEHYPOX-PWY
362	ADENOSINE NUCLEOTIDES DEGRADATION III:PWY-6617
363	ADENOSINE RIBONUCLEOTIDES DE NOVO BIOSYNTHESIS:PWY-7219
364	ADENOSYLCOBALAMIN BIOSYNTHESIS FROM ADENOSYLCOBINAMIDE-GDP I:PWY-5509
365	ADENOSYLCOBALAMIN BIOSYNTHESIS FROM ADENOSYLCOBINAMIDE-GDP II:PWY-7975
366	ADENOSYLCOBALAMIN BIOSYNTHESIS I (ANAEROBIC):PWY-5507
367	ADENOSYLCOBALAMIN BIOSYNTHESIS II (AEROBIC):P381-PWY
368	ADENOSYLCOBALAMIN SALVAGE FROM COBALAMIN:PWY-6268
369	ADENOSYLCOBINAMIDE-GDP BIOSYNTHESIS FROM COBYRINATE A,C-DIAMIDE:PWY-7962
370	ADENOSYLCOBINAMIDE-GDP SALVAGE FROM COBINAMIDE I:PWY-7971
371	ADENOSYLCOBINAMIDE-GDP SALVAGE FROM COBINAMIDE II:PWY-7972
372	ADLUPULONE AND ADHUMULONE BIOSYNTHESIS:PWY-7857
373	ADP-L-GLYCERO-BETA;-D-MANNO-HEPTOSE BIOSYNTHESIS:PWY0-1241
374	AEROBACTIN BIOSYNTHESIS:AEROBACTINSYN-PWY
375	AEROBIC RESPIRATION (NDH-1 TO CYTOCHROME C OXIDASE VIA PLASTOCYANIN):PWY1YI0-3
376	AEROBIC RESPIRATION I (CYTOCHROME C):PWY-3781
377	AEROBIC RESPIRATION II (CYTOCHROME C) (YEAST):PWY-7279
378	AEROBIC RESPIRATION III (ALTERNATIVE OXIDASE PATHWAY):PWY-4302
379	AEROBIC RESPIRATION IN CYANOBACTERIA (NDH-2 TO CYTOCHROME C OXIDASE VIA PLASTOCYANIN):PWY1YI0-6
380	AFLATOXINS B1 AND G1 BIOSYNTHESIS:PWY-5959
381	AFLATOXINS B2 AND G2 BIOSYNTHESIS:PWY-5960
382	AFLATREM BIOSYNTHESIS:PWY-7540
383	AFRORMOSIN CONJUGATES INTERCONVERSION:PWY-5926
384	AGAROSE DEGRADATION:PWY-6816
385	AJMALINE AND SARPAGINE BIOSYNTHESIS:PWY-5301
386	AJUGOSE BIOSYNTHESIS I (GALACTINOL-DEPENDENT):PWY-5342
387	AJUGOSE BIOSYNTHESIS II (GALACTINOL-INDEPENDENT):PWY-5343
388	ALANINE RACEMIZATION:PWY-8072
389	ALBAFLAVENONE BIOSYNTHESIS:PWY-5887
390	ALCALIGIN BIOSYNTHESIS:PWY-6379
391	ALDOXIME DEGRADATION:P345-PWY
392	ALGINATE BIOSYNTHESIS I (ALGAL):PWY-6073
393	ALGINATE BIOSYNTHESIS II (BACTERIAL):PWY-6082
394	ALGINATE DEGRADATION:PWY-6986
395	ALIPHATIC GLUCOSINOLATE BIOSYNTHESIS, SIDE CHAIN ELONGATION CYCLE:PWYQT-4450
396	ALIZARIN BIOSYNTHESIS:PWY-5802
397	ALKANE BIOSYNTHESIS I:PWY-7032
398	ALKANE BIOSYNTHESIS II:PWY-7033
399	ALKANE OXIDATION:PWY-2724
400	ALKYLNITRONATES DEGRADATION:PWY-723
401	ALL TRANS UNDECAPRENYL DIPHOSPHATE BIOSYNTHESIS:PWY-5816
402	ALL-TRANS-DECAPRENYL DIPHOSPHATE BIOSYNTHESIS:PWY-5806
403	ALL-TRANS-FARNESOL BIOSYNTHESIS:PWY-6859
404	ALLANTOIN DEGRADATION IV (ANAEROBIC):PWY0-41
405	ALLANTOIN DEGRADATION TO GLYOXYLATE I:PWY-5694
406	ALLANTOIN DEGRADATION TO GLYOXYLATE II:PWY-5692
407	ALLANTOIN DEGRADATION TO GLYOXYLATE III:PWY-5705
408	ALLANTOIN DEGRADATION TO UREIDOGLYCOLATE I (UREA PRODUCING):PWY-5697
409	ALLANTOIN DEGRADATION TO UREIDOGLYCOLATE II (AMMONIA PRODUCING):PWY-5698
410	ALLIIN METABOLISM:PWY-5706
411	ALLOPREGNANOLONE BIOSYNTHESIS:PWY-7455
412	ALOESONE BIOSYNTHESIS I:PWY-4801
413	ALOESONE BIOSYNTHESIS II:PWY-6310
414	ALPHA;-AMYRIN BIOSYNTHESIS:PWY-5377
415	ALPHA;-CAROTENE BIOSYNTHESIS:PWY-5946
416	ALPHA;-CYCLOPIAZONATE BIOSYNTHESIS:PWY-7555
417	ALPHA;-CYCLOPIAZONATE DETOXIFICATION:PWY-7558
418	ALPHA;-DIGLUCOSYLDIACYLGLYCEROL BIOSYNTHESIS:PWY-7684
419	ALPHA;-DYSTROGLYCAN GLYCOSYLATION:PWY-7981
420	ALPHA;-ELEOSTEARATE BIOSYNTHESIS:PWY-5375
421	ALPHA;-LINOLENATE BIOSYNTHESIS I (PLANTS AND RED ALGAE):PWY-5997
422	ALPHA;-LINOLENATE BIOSYNTHESIS II (CYANOBACTERIA):PWY-7598
423	ALPHA;-SOLANINE/ALPHA;-CHACONINE BIOSYNTHESIS:PWY-5666
424	ALPHA;-TOCOPHEROL DEGRADATION:PWY-6377
425	ALPHA;-TOMATINE BIOSYNTHESIS:PWY18C3-3
426	ALPHA;-TOMATINE DEGRADATION:PWY18C3-5
427	AMARANTHIN BIOSYNTHESIS:PWY-5400
428	AMARYLLIDACEA ALKALOIDS BIOSYNTHESIS:PWY-7826
429	AMINOPROPANOL PHOSPHATE BIOSYNTHESIS I:PWY-5443
430	AMINOPROPANOL PHOSPHATE BIOSYNTHESIS II:PWY-7378
431	AMINOPROPYLCADAVERINE BIOSYNTHESIS:PWY0-1303
432	AMMONIA ASSIMILATION CYCLE I:PWY-6963
433	AMMONIA ASSIMILATION CYCLE II:PWY-6964
434	AMMONIA ASSIMILATION CYCLE III:AMMASSIM-PWY
435	AMMONIA OXIDATION I (AEROBIC):AMMOXID-PWY
436	AMMONIA OXIDATION II (ANAEROBIC):P303-PWY
437	AMMONIA OXIDATION III:PWY-2242
438	AMMONIA OXIDATION IV (AUTOTROPHIC AMMONIA OXIDIZERS):PWY-7082
439	AMYGDALIN AND PRUNASIN DEGRADATION:PWY-6011
440	ANAEROBIC AROMATIC COMPOUND DEGRADATION (THAUERA AROMATICA):BENZCOA-PWY
441	ANAEROBIC ENERGY METABOLISM (INVERTEBRATES, CYTOSOL):PWY-7383
442	ANAEROBIC ENERGY METABOLISM (INVERTEBRATES, MITOCHONDRIAL):PWY-7384
443	ANANDAMIDE BIOSYNTHESIS I:PWY-8051
444	ANANDAMIDE BIOSYNTHESIS II:PWY-8053
445	ANANDAMIDE DEGRADATION:PWY6666-1
446	ANANDAMIDE LIPOXYGENATION:PWY-8056
447	ANDITOMIN BIOSYNTHESIS:PWY-7599
448	ANDROGEN BIOSYNTHESIS:PWY66-378
449	ANDROSRTENDIONE DEGRADATION II (ANAEROBIC):PWY-8152
450	ANDROSTENEDIONE DEGRADATION I (AEROBIC):PWY-6944
451	ANGUIBACTIN BIOSYNTHESIS:PWY-7986
452	ANHYDROMUROPEPTIDES RECYCLING I:PWY0-1261
453	ANHYDROMUROPEPTIDES RECYCLING II:PWY-7883
454	ANILINE DEGRADATION:PWY-6533
455	ANSATRIENIN BIOSYNTHESIS:PWY-8040
456	ANTEISO-BRANCHED-CHAIN FATTY ACID BIOSYNTHESIS:PWY-8173
457	ANTHOCYANIDIN 3-MALYLGLUCOSIDE BIOSYNTHESIS (ACYL-GLUCOSE DEPENDENT):PWY-7261
458	ANTHOCYANIDIN ACYLGLUCOSIDE AND ACYLSAMBUBIOSIDE BIOSYNTHESIS:PWY-7679
459	ANTHOCYANIDIN MODIFICATION (ARABIDOPSIS):PWY-7450
460	ANTHOCYANIDIN SAMBUBIOSIDE BIOSYNTHESIS:PWY-7678
461	ANTHOCYANIDIN SOPHOROSIDE METABOLISM:PWY-5286
462	ANTHOCYANIN BIOSYNTHESIS (DELPHINIDIN 3-O-GLUCOSIDE):PWY-5153
463	ANTHOCYANIN BIOSYNTHESIS (PELARGONIDIN 3-O-GLUCOSIDE):PWY-7267
464	ANTHOCYANIN BIOSYNTHESIS:PWY-5125
465	ANTHRANILATE DEGRADATION I (AEROBIC):PWY-6079
466	ANTHRANILATE DEGRADATION II (AEROBIC):PWY-6077
467	ANTHRANILATE DEGRADATION III (ANAEROBIC):2AMINOBENZDEG-PWY
468	ANTHRANILATE DEGRADATION IV (AEROBIC):PWY-6504
469	APICIDIN BIOSYNTHESIS:PWY-7667
470	APICIDIN F BIOSYNTHESIS:PWY-7668
471	APIGENIN GLYCOSIDES BIOSYNTHESIS:PWY-6010
472	APIGENINIDIN 5-O-GLUCOSIDE BIOSYNTHESIS:PWY-7253
473	ARABIDOPYRONE BIOSYNTHESIS:PWY-7682
474	ARACHIDONATE BIOSYNTHESIS I (6-DESATURASE, LOWER EUKARYOTES):PWY-5353
475	ARACHIDONATE BIOSYNTHESIS II (BACTERIA):PWY-7583
476	ARACHIDONATE BIOSYNTHESIS III (6-DESATURASE, MAMMALS):PWY-7592
477	ARACHIDONATE BIOSYNTHESIS IV (8-DETATURASE, LOWER EUKARYOTES):PWY-7601
478	ARACHIDONATE BIOSYNTHESIS V (8-DETATURASE, MAMMALS):PWY-7725
479	ARCHAEOSINE BIOSYNTHESIS I:PWY-6711
480	ARCHAEOSINE BIOSYNTHESIS II:PWY-7923
481	ARCHAETIDYLINOSITOL BIOSYNTHESIS:PWY-6350
482	ARCHAETIDYLSERINE AND ARCHAETIDYLETHANOLAMINE BIOSYNTHESIS:PWY-6141
483	ARCTIGENIN AND ISOARCTIGENIN BIOSYNTHESIS:PWY-7631
484	ARG/N-END RULE PATHWAY (EUKARYOTIC):PWY-7799
485	ARGININE DEPENDENT ACID RESISTANCE:PWY0-1299
486	ARGINOMYCIN BIOSYNTHESIS:PWY-7569
487	AROMATIC  GLUCOSINOLATE ACTIVATION:PWY-6684
488	AROMATIC BIOGENIC AMINE DEGRADATION (BACTERIA):PWY-7431
489	AROMATIC COMPOUNDS DEGRADATION VIA BETA;-KETOADIPATE:PWY-5431
490	AROMATIC POLYKETIDES BIOSYNTHESIS:PWY-6316
491	ARSENATE DETOXIFICATION I (MAMMALIAN):PWY-4202
492	ARSENATE DETOXIFICATION II (GLUTAREDOXIN):PWY-4621
493	ARSENATE DETOXIFICATION III (THIOREDOXIN):PWY-8101
494	ARSENATE DETOXIFICATION IV (MYCOTHIOL):PWY-6421
495	ARSENATE DETOXIFICATION V:PWY1YI0-1
496	ARSENATE REDUCTION (RESPIRATORY):PWY-4601
497	ARSENITE OXIDATION I (RESPIRATORY):PWY-4521
498	ARSENITE OXIDATION II (RESPIRATORY):PWY-7429
499	ARSONOACETATE DEGRADATION:P482-PWY
500	ARTEMISININ AND ARTEANNUIN B BIOSYNTHESIS:PWY-5195
501	ASCORBATE GLUTATHIONE CYCLE:PWY-2261
502	ASCORBATE RECYCLING (CYTOSOLIC):PWY-6370
503	ASPARTATE SUPERPATHWAY:PWY0-781
504	ASPERLICIN E BIOSYNTHESIS:PWY-7549
505	ASPIRIN TRIGGERED RESOLVIN D BIOSYNTHESIS:PWY66-395
506	ASPIRIN TRIGGERED RESOLVIN E BIOSYNTHESIS:PWY66-394
507	ASPYRIDONE A BIOSYNTHESIS:PWY-7565
508	ASSIMILATORY SULFATE REDUCTION I:SO4ASSIM-PWY
509	ASSIMILATORY SULFATE REDUCTION II:SULFMETII-PWY
510	ASSIMILATORY SULFATE REDUCTION III:PWY-6683
511	ASSIMILATORY SULFATE REDUCTION IV:PWY1ZNC-1
512	ASTAXANTHIN BIOSYNTHESIS (BACTERIA, FUNGI, ALGAE):PWY-5288
513	ASTAXANTHIN BIOSYNTHESIS (FLOWERING PLANTS):PWY-7636
514	ASTAXANTHIN DIRHAMNOSIDE BIOSYNTHESIS:PWY-7623
515	ASTERRATE BIOSYNTHESIS:PWY-7080
516	ATP BIOSYNTHESIS:PWY-7980
517	ATRAZINE DEGRADATION I (AEROBIC):P141-PWY
518	ATRAZINE DEGRADATION II:PWY-5727
519	ATRAZINE DEGRADATION III:PWY-5731
520	ATROMENTIN BIOSYNTHESIS:PWY-7518
521	AUCUPARIN BIOSYNTHESIS:PWY-7739
522	AURACHIN A, B, C AND D BIOSYNTHESIS:PWY-7407
523	AURACHIN RE BIOSYNTHESIS:PWY-7405
524	AUREOBASIDIN A BIOSYNTHESIS:PWY-7665
525	AUREOTHIN BIOSYNTHESIS:PWY-8033
526	AUROFUSARIN BIOSYNTHESIS:PWY-7695
527	AURONE BIOSYNTHESIS:PWY-1901
528	AUTOINDUCER AI-1 BIOSYNTHESIS:PWY-6157
529	AUTOINDUCER AI-2 BIOSYNTHESIS I:PWY-6153
530	AUTOINDUCER AI-2 BIOSYNTHESIS II (VIBRIO):PWY-6154
531	AUTOINDUCER AI-2 DEGRADATION:PWY0-1569
532	AUTOINDUCER CAI-1 BIOSYNTHESIS:PWY-7621
533	AVENACIN A-1 BIOSYNTHESIS:PWY-7473
534	AVENACIN A-2 BIOSYNTHESIS:PWY-7474
535	AVENANTHRAMIDE BIOSYNTHESIS:PWY-8157
536	B SERIES FAGOPYRITOLS BIOSYNTHESIS:PWY-5379
537	BACILLIBACTIN BIOSYNTHESIS:PWY-5903
538	BACILLITHIOL BIOSYNTHESIS:PWY8J2-1
539	BACILYSIN BIOSYNTHESIS:PWY-7626
540	BACIMETHRIN AND BACIMETHRIN PYROPHOSPHATE BIOSYNTHESIS:PWY-7564
541	BACTERIAL BIOLUMINESCENCE:PWY-7723
542	BACTERIOCHLOROPHYLL A BIOSYNTHESIS:PWY-5526
543	BACTERIOCHLOROPHYLL B BIOSYNTHESIS:PWY-7762
544	BACTERIOCHLOROPHYLL C BIOSYNTHESIS:PWY-7759
545	BACTERIOCHLOROPHYLL D BIOSYNTHESIS:PWY-7758
546	BACTERIOCHLOROPHYLL E BIOSYNTHESIS:PWY-7760
547	BACTERIORUBERIN BIOSYNTHESIS:PWY-7944
548	BAICALEIN DEGRADATION (HYDROGEN PEROXIDE DETOXIFICATION):PWY-7214
549	BAICALEIN METABOLISM:PWY-7212
550	BARBALOIN BIOSYNTHESIS:PWY-6312
551	BARUOL BIOSYNTHESIS:PWY-6008
552	BASE-DEGRADED THIAMINE SALVAGE:PWY-6899
553	BASSIANIN AND DESMETHYLBASSIANIN BIOSYNTHESIS:PWY-7563
554	BAUMANNOFERRIN BIOSYNTHESIS:PWY-7988
555	BENZENE DEGRADATION:PWY-5450
556	BENZENESULFONATE DEGRADATION:DESULFONATION-PWY
557	BENZIMIDAZOLYL ADENOSYLCOBAMIDE BIOSYNTHESIS FROM ADENOSYLCOBINAMIDE-GDP:PWY-7970
558	BENZOATE BIOSYNTHESIS I (COA-DEPENDENT, BETA;-OXIDATIVE):PWY-6443
559	BENZOATE BIOSYNTHESIS II (COA-INDEPENDENT, NON-BETA;-OXIDATIVE):PWY-6444
560	BENZOATE BIOSYNTHESIS III (COA-DEPENDENT, NON-BETA;-OXIDATIVE):PWY-6446
561	BENZOATE DEGRADATION I (AEROBIC):PWY-2503
562	BENZOATE DEGRADATION II (AEROBIC AND ANAEROBIC):PWY-283
563	BENZOATE FERMENTATION (TO ACETATE AND CYCLOHEXANE CARBOXYLATE):PWY-7402
564	BENZOYL-BETA;-D-GLUCOPYRANOSE BIOSYNTHESIS:PWY-7468
565	BENZOYL-COA BIOSYNTHESIS:PWY-6458
566	BENZOYL-COA DEGRADATION I (AEROBIC):PWY-1361
567	BENZOYL-COA DEGRADATION II (ANAEROBIC):CENTBENZCOA-PWY
568	BENZOYL-COA DEGRADATION III (ANAEROBIC):P321-PWY
569	BENZOYLANTHRANILATE BIOSYNTHESIS:PWY-6323
570	BERBERINE BIOSYNTHESIS:PWY-3901
571	BERGAMOTENE BIOSYNTHESIS I:PWY-6243
572	BERGAMOTENE BIOSYNTHESIS II:PWY-6244
573	BETA-CARBOLINE BIOSYNTHESIS:PWY-5877
574	BETA; MYRCENE DEGRADATION:PWY-7136
575	BETA;-(1,4)-MANNAN DEGRADATION:PWY-7456
576	BETA;-1,4-D-MANNOSYL-N-ACETYL-D-GLUCOSAMINE DEGRADATION:PWY-7586
577	BETA;-ALANINE BETAINE BIOSYNTHESIS:PWY-4021
578	BETA;-ALANINE BIOSYNTHESIS I:PWY-3981
579	BETA;-ALANINE BIOSYNTHESIS II:PWY-3941
580	BETA;-ALANINE BIOSYNTHESIS III:PWY-5155
581	BETA;-ALANINE BIOSYNTHESIS IV:PWY-5760
582	BETA;-ALANINE DEGRADATION I:BETA-ALA-DEGRADATION-I-PWY
583	BETA;-ALANINE DEGRADATION II:PWY-1781
584	BETA;-ALANINE DEGRADATION III:PWY-8120
585	BETA;-CAROTENE BIOSYNTHESIS (ENGINEERED):PWY-7393
586	BETA;-CAROTENE BIOSYNTHESIS:PWY-5943
587	BETA;-CARYOPHYLLENE BIOSYNTHESIS:PWY-6275
588	BETA;-CUBEBENE BIOSYNTHESIS:PWY-6290
589	BETA;-D-GALACTOSAMINYL-(1&RARR;3)-N-ACETYL-ALPHA;-D-GALACTOSAMINE BIOSYNTHESIS:PWY-7530
590	BETA;-D-GLUCURONIDE AND D-GLUCURONATE DEGRADATION:PWY-7247
591	BETA;-D-MANNOSYL PHOSPHOMYCOKETIDE BIOSYNTHESIS:PWY-7740
592	BETA;-DIHYDROMENAQUINONE-9 BIOSYNTHESIS:PWY-7993
593	BETA;-PYRAZOLE-1-YLALANINE BIOSYNTHESIS:PWY-4961
594	BETACYANIN BIOSYNTHESIS (VIA DOPAMINE):PWY-5439
595	BETACYANIN BIOSYNTHESIS:PWY-5399
596	BETALAMIC ACID BIOSYNTHESIS:PWY-5394
597	BETANIDIN DEGRADATION:PWY-5461
598	BETAXANTHIN BIOSYNTHESIS (VIA DOPAMINE):PWY-5403
599	BETAXANTHIN BIOSYNTHESIS (VIA DOPAXANTHIN):PWY-5404
600	BETAXANTHIN BIOSYNTHESIS:PWY-5426
601	BETULINATE BIOSYNTHESIS:PWY-7067
602	BIFIDOBACTERIUM SHUNT:P124-PWY
603	BIKAVERIN BIOSYNTHESIS:PWY-7692
604	BILE ACID 7ALPHA;-DEHYDROXYLATION:PWY-7754
605	BILE ACID 7BETA;-DEHYDROXYLATION:PWY-8134
606	BILE ACID BIOSYNTHESIS, NEUTRAL PATHWAY:PWY-6061
607	BILE ACIDS DECONJUGATION:PWY-8135
608	BILE ACIDS EPIMERIZATION:PWY-6518
609	BIOCHANIN A CONJUGATES INTERCONVERSION:PWY-2861
610	BIOSYNTHESIS OF LEWIS EPITOPES (H. PYLORI):PWY-7833
611	BIOTIN BIOSYNTHESIS FROM 8-AMINO-7-OXONONANOATE I:PWY0-1507
612	BIOTIN BIOSYNTHESIS FROM 8-AMINO-7-OXONONANOATE II:PWY-7380
613	BIOTIN BIOSYNTHESIS FROM 8-AMINO-7-OXONONANOATE III:PWY-8128
614	BIOTIN BIOSYNTHESIS I:BIOTIN-BIOSYNTHESIS-PWY
615	BIOTIN BIOSYNTHESIS II:PWY-5005
616	BIOTIN-CARBOXYL CARRIER PROTEIN ASSEMBLY:PWY0-1264
617	BIPHENYL DEGRADATION:PWY5F9-12
618	BIS(GUANYLYL MOLYBDENUM COFACTOR) BIOSYNTHESIS:PWY-7639
619	BIS(GUANYLYL MOLYBDOPTERIN) COFACTOR SULFURYLATION:PWY-8164
620	BIS(GUANYLYL TUNGSTENPTERIN) COFACTOR BIOSYNTHESIS:PWY-8168
621	BIS(TUNGSTENPTERIN) COFACTOR BIOSYNTHESIS:PWY-8167
622	BISABOLENE BIOSYNTHESIS (ENGINEERED):PWY-7102
623	BISBENZYLISOQUINOLINE ALKALOID BIOSYNTHESIS:PWY-5472
624	BISPHENOL A DEGRADATION:PWY-7757
625	BISUCABERIN BIOSYNTHESIS:PWY-6381
626	BIXIN BIOSYNTHESIS:PWY-5305
627	BLASTICIDIN S BIOSYNTHESIS:PWY-7570
628	BOMBYKOL BIOSYNTHESIS:PWY-7423
629	BORNYL DIPHOSPHATE BIOSYNTHESIS:PWY-5813
630	BOTRYDIAL BIOSYNTHESIS:PWY-6278
631	BOTRYOCOCCENES AND METHYLATED SQUALENE BIOSYNTHESIS:PWY-6105
632	BRANCHED-CHAIN POLYAMINES BIOSYNTHESIS:PWY-8114
633	BRASSICICENE C BIOSYNTHESIS:PWY-7517
634	BRASSINOSTEROID BIOSYNTHESIS I:PWY-699
635	BRASSINOSTEROID BIOSYNTHESIS II:PWY-2582
636	BRASSINOSTEROIDS INACTIVATION:PWY-6546
637	BROMINATED PYRROLES BIOSYNTHESIS:PWY-7931
638	BRYOSTATIN BIOSYNTHESIS:PWY-8047
639	BUPROPION DEGRADATION:PWY66-241
640	BUTACHLOR DEGRADATION:PWY-7771
641	BUTANE DEGRADATION:PWY-7780
642	BUTANOL AND ISOBUTANOL BIOSYNTHESIS (ENGINEERED):PWY-7396
643	BUTIROSIN BIOSYNTHESIS:PWY-7019
644	C20 PROSTANOID BIOSYNTHESIS:PWY66-374
645	C4 PHOTOSYNTHETIC CARBON ASSIMILATION CYCLE, NAD-ME TYPE:PWY-7115
646	C4 PHOTOSYNTHETIC CARBON ASSIMILATION CYCLE, NADP-ME TYPE:PWY-241
647	C4 PHOTOSYNTHETIC CARBON ASSIMILATION CYCLE, PEPCK TYPE:PWY-7117
648	CADAVERINE BIOSYNTHESIS:PWY0-1601
649	CAFFEINE BIOSYNTHESIS I:PWY-5037
650	CAFFEINE BIOSYNTHESIS II (VIA PARAXANTHINE):PWY-5038
651	CAFFEINE DEGRADATION I (MAIN, PLANTS):PWY-6552
652	CAFFEINE DEGRADATION II:PWY-6553
653	CAFFEINE DEGRADATION III (BACTERIA, VIA DEMETHYLATION):PWY-6538
654	CAFFEINE DEGRADATION IV (BACTERIA, VIA DEMETHYLATION AND OXIDATION):PWY-6632
655	CAFFEINE DEGRADATION V (BACTERIA, VIA TRIMETHYLURATE):PWY-6633
656	CAFFEOYLGLUCARATE BIOSYNTHESIS:PWY-6673
657	CALENDATE BIOSYNTHESIS:PWY-5373
658	CALONECTRIN BIOSYNTHESIS:PWY-7711
659	CALVIN-BENSON-BASSHAM CYCLE:CALVIN-PWY
660	CALYCOSIN 7-O-GLUCOSIDE BIOSYNTHESIS:PWY-7633
661	CALYSTEGINE BIOSYNTHESIS:PWY-5318
662	CAMALEXIN BIOSYNTHESIS:CAMALEXIN-SYN
663	CAMPTOTHECIN BIOSYNTHESIS:PWY-6326
664	CANAVANINE BIOSYNTHESIS:PWY-5
665	CANAVANINE DEGRADATION:PWY-31
666	CANDICIDIN BIOSYNTHESIS:PWY-6722
667	CANNABINOID BIOSYNTHESIS:PWY-5140
668	CANTHAXANTHIN BIOSYNTHESIS:PWY-5291
669	CAPSAICIN BIOSYNTHESIS:PWY-5710
670	CAPSANTHIN AND CAPSORUBIN BIOSYNTHESIS:PWY-5174
671	CAPSICONIATE BIOSYNTHESIS:PWY-6027
672	CAPSIDIOL BIOSYNTHESIS:PWY-2921
673	CARBARYL DEGRADATION:PWY-8111
674	CARBAZOLE DEGRADATION:PWY-6550
675	CARBON DISULFIDE OXIDATION I (ANAEROBIC):PWY-1164
676	CARBON DISULFIDE OXIDATION II (AEROBIC):PWY-5336
677	CARBON DISULFIDE OXIDATION III (METAZOA):PWY-7926
678	CARBON MONOXIDE OXIDATION TO CO2:PWY-7750
679	CARBON TETRACHLORIDE DEGRADATION I:PWY-5370
680	CARBON TETRACHLORIDE DEGRADATION II:PWY-5372
681	CARDENOLIDE GLUCOSIDES BIOSYNTHESIS:PWY-6036
682	CARDIOLIPIN AND PHOSPHATIDYLETHANOLAMINE BIOSYNTHESIS (XANTHOMONAS):PWY-7509
683	CARDIOLIPIN BIOSYNTHESIS I:PWY-5668
684	CARDIOLIPIN BIOSYNTHESIS II:PWY-5269
685	CARDIOLIPIN BIOSYNTHESIS III:PWY0-1545
686	CARNOSATE BIOYNTHESIS:PWY-7680
687	CARNOSINE BIOSYNTHESIS:PWY66-420
688	CAROTENOID CLEAVAGE:PWY-6806
689	CARRAGEENAN BIOSYNTHESIS:PWY-6403
690	CASBENE BIOSYNTHESIS:PWY-6304
691	CATECHOL DEGRADATION I (META-CLEAVAGE PATHWAY):PWY-5415
692	CATECHOL DEGRADATION II (META-CLEAVAGE PATHWAY):PWY-5420
693	CATECHOL DEGRADATION III (ORTHO-CLEAVAGE PATHWAY):PWY-5417
694	CATECHOL DEGRADATION TO 2-HYDROXYPENTADIENOATE I:P183-PWY
695	CATECHOL DEGRADATION TO 2-HYDROXYPENTADIENOATE II:PWY-5419
696	CATECHOL DEGRADATION TO BETA;-KETOADIPATE:CATECHOL-ORTHO-CLEAVAGE-PWY
697	CATECHOLAMINE BIOSYNTHESIS:PWY66-301
698	CDP-4-DEHYDRO-3,6-DIDEOXY-D-GLUCOSE BIOSYNTHESIS:PWY-5833
699	CDP-6-DEOXY-D-GULOSE BIOSYNTHESIS:PWY-8139
700	CDP-ABEQUOSE BIOSYNTHESIS:PWY-5831
701	CDP-ARCHAEOL BIOSYNTHESIS:PWY-6349
702	CDP-ASCARYLOSE BIOSYNTHESIS:PWY-5830
703	CDP-D-ARABITOL BIOSYNTHESIS:PWY-6998
704	CDP-D-MANNITOL BIOSYNTHESIS:PWY-7127
705	CDP-DIACYLGLYCEROL BIOSYNTHESIS I:PWY-5667
706	CDP-DIACYLGLYCEROL BIOSYNTHESIS II:PWY0-1319
707	CDP-DIACYLGLYCEROL BIOSYNTHESIS III:PWY-5981
708	CDP-PARATOSE BIOSYNTHESIS:PWY-5832
709	CDP-TYVELOSE BIOSYNTHESIS:PWY-5834
710	CELL-SURFACE GLYCOCONJUGATE-LINKED PHOSPHOCHOLINE BIOSYNTHESIS:PWY-7886
711	CELL-SURFACE GLYCOCONJUGATE-LINKED PHOSPHONATE BIOSYNTHESIS:PWY-8129
712	CELLULOSE AND HEMICELLULOSE DEGRADATION (CELLULOLOSOME):PWY-6784
713	CELLULOSE BIOSYNTHESIS:PWY-1001
714	CELLULOSE DEGRADATION I (CELLULOSOME):PWY-6805
715	CELLULOSE DEGRADATION II (FUNGI):PWY-6788
716	CEMBRATRIENEDIOL BIOSYNTHESIS:PWY18C3-7
717	CEPHALOSPORIN C BIOSYNTHESIS:PWY-5632
718	CEPHAMYCIN C BIOSYNTHESIS:PWY-5633
719	CERAMIDE AND SPHINGOLIPID RECYCLING AND DEGRADATION (YEAST):PWY-7119
720	CERAMIDE DE NOVO BIOSYNTHESIS:PWY3DJ-12
721	CERAMIDE DEGRADATION (GENERIC):PWY-6483
722	CERAMIDE DEGRADATION BY ALPHA;-OXIDATION:PWY66-388
723	CERAMIDE PHOSPHOETHANOLAMINE BIOSYNTHESIS:PWY-7404
724	CHAETOGLOBOSIN A BIOSYNTHESIS:PWY-7612
725	CHALCONE 2'-O-GLUCOSIDE BIOSYNTHESIS:PWY-5339
726	CHANOCLAVINE I ALDEHYDE BIOSYNTHESIS:PWY-6493
727	CHAXAMYCIN BIOSYNTHESIS:PWY-8036
728	CHELERYTHRINE BIOSYNTHESIS:PWY-7507
729	CHITIN BIOSYNTHESIS:PWY-6981
730	CHITIN DEACETYLATION:PWY-7118
731	CHITIN DEGRADATION I (ARCHAEA):PWY-6855
732	CHITIN DEGRADATION II (VIBRIO):PWY-6902
733	CHITIN DEGRADATION III (SERRATIA):PWY-7822
734	CHITIN DERIVATIVES DEGRADATION:PWY-6906
735	CHITOBIOSE DEGRADATION:PWY0-1309
736	CHLORAMPHENICOL BIOSYNTHESIS:PWY-8032
737	CHLORATE REDUCTION:PWY-6529
738	CHLORINATED PHENOLS DEGRADATION:PWY-6197
739	CHLOROBACTENE BIOSYNTHESIS:PWY-7939
740	CHLOROBENZENE DEGRADATION:PWY-6083
741	CHLOROGENIC ACID BIOSYNTHESIS I:PWY-6039
742	CHLOROGENIC ACID BIOSYNTHESIS II:PWY-6040
743	CHLOROGENIC ACID DEGRADATION:PWY-6781
744	CHLOROPHYLL A BIOSYNTHESIS I:PWY-5086
745	CHLOROPHYLL A BIOSYNTHESIS II:PWY-5064
746	CHLOROPHYLL A BIOSYNTHESIS III:PWY-7764
747	CHLOROPHYLL A DEGRADATION I:PWY-5098
748	CHLOROPHYLL A DEGRADATION II:PWY-6927
749	CHLOROPHYLL A DEGRADATION III:PWY-7164
750	CHLOROPHYLL A2 BIOSYNTHESIS:PWY-8126
751	CHLOROPHYLL B2 BIOSYNTHESIS:PWY-8127
752	CHLOROPHYLL CYCLE:PWY-5068
753	CHLOROSALICYLATE DEGRADATION:PWY-6107
754	CHLOROTETRACYCLINE BIOSYNTHESIS:PWY-7810
755	CHLORPYRIFOS DEGRADATION:PWY-8065
756	CHLORZOXAZONE DEGRADATION:PWY-7823
757	CHOLESTEROL BIOSYNTHESIS (PLANTS):PWY18C3-1
758	CHOLESTEROL BIOSYNTHESIS I:PWY66-341
759	CHOLESTEROL BIOSYNTHESIS II (VIA 24,25-DIHYDROLANOSTEROL):PWY66-3
760	CHOLESTEROL BIOSYNTHESIS III (VIA DESMOSTEROL):PWY66-4
761	CHOLESTEROL DEGRADATION TO ANDROSTENEDIONE I (CHOLESTEROL OXIDASE):PWY-6945
762	CHOLESTEROL DEGRADATION TO ANDROSTENEDIONE II (CHOLESTEROL DEHYDROGENASE):PWY-6946
763	CHOLESTEROL DEGRADATION TO ANDROSTENEDIONE III (ANAEROBIC):PWY-8151
764	CHOLINE BIOSYNTHESIS I:PWY-3385
765	CHOLINE BIOSYNTHESIS II:PWY-3542
766	CHOLINE BIOSYNTHESIS III:PWY-3561
767	CHOLINE DEGRADATION I:CHOLINE-BETAINE-ANA-PWY
768	CHOLINE DEGRADATION II:PWY-3721
769	CHOLINE DEGRADATION III:PWY-7167
770	CHOLINE DEGRADATION IV:PWY-7494
771	CHOLINE-O-SULFATE DEGRADATION:P542-PWY
772	CHONDROITIN BIOSYNTHESIS:PWY-6566
773	CHONDROITIN SULFATE BIOSYNTHESIS (LATE STAGES):PWY-6567
774	CHONDROITIN SULFATE BIOSYNTHESIS:PWY-6569
775	CHONDROITIN SULFATE DEGRADATION (METAZOA):PWY-6573
776	CHONDROITIN SULFATE DEGRADATION I (BACTERIAL):PWY-6572
777	CHORISMATE BIOSYNTHESIS FROM 3-DEHYDROQUINATE:PWY-6163
778	CHORISMATE BIOSYNTHESIS I:ARO-PWY
779	CHORISMATE BIOSYNTHESIS II (ARCHAEA):PWY-6165
780	CHRYSIN BIOSYNTHESIS:PWY-5363
781	CHRYSOERIOL BIOSYNTHESIS:PWY-6232
782	CICHORIIN INTERCONVERSION:PWY-7057
783	CINCHONA ALKALOIDS BIOSYNTHESIS:PWY-5848
784	CINNAMATE AND 3-HYDROXYCINNAMATE DEGRADATION TO 2-HYDROXYPENTADIENOATE:PWY-6690
785	CINNAMATE ESTERS BIOSYNTHESIS:PWY-5968
786	CINNAMOYL-COA BIOSYNTHESIS:PWY-6457
787	CIS-ABIENOL BIOSYNTHESIS:PWY18C3-13
788	CIS-ALKENE BIOSYNTHESIS:PWY-7869
789	CIS-CALAMENENE RELATED SESQUITERPENOIDS BIOSYNTHESIS:PWY-6128
790	CIS-GERANYL-COA DEGRADATION:PWY-6672
791	CIS-VACCENATE BIOSYNTHESIS:PWY-5973
792	CIS-ZEATIN BIOSYNTHESIS:PWY-2781
793	CITRATE DEGRADATION:PWY-6038
794	CITRATE LYASE ACTIVATION:P2-PWY
795	CITREOISOCOUMARIN AND BIKISOCOUMARIN BIOSYNTHESIS:PWY-7696
796	CITRONELLOL DEGRADATION:PWY-6670
797	CLAVULANATE BIOSYNTHESIS:PWY-5679
798	CMP PHOSPHORYLATION:PWY-7205
799	CMP-2-KETO-3-DEOXY-D-GLYCERO-D-GALACTO-NONONATE BIOSYNTHESIS:PWY-6140
800	CMP-3-DEOXY-D-MANNO-OCTULOSONATE BIOSYNTHESIS:PWY-1269
801	CMP-8-AMINO-3,8-DIDEOXY-D-MANNO-OCTULOSONATE BIOSYNTHESIS:PWY-7674
802	CMP-DIACETAMIDO-8-EPILEGIONAMINIC ACID BIOSYNTHESIS:PWY-7719
803	CMP-LEGIONAMINATE BIOSYNTHESIS I:PWY-6749
804	CMP-LEGIONAMINATE BIOSYNTHESIS II:PWY-7131
805	CMP-N-ACETYL-7-O-ACETYLNEURAMINATE BIOSYNTHESIS:PWY-7529
806	CMP-N-ACETYLNEURAMINATE BIOSYNTHESIS I (EUKARYOTES):PWY-6138
807	CMP-N-ACETYLNEURAMINATE BIOSYNTHESIS II (BACTERIA):PWY-6139
808	CMP-N-GLYCOLOYLNEURAMINATE BIOSYNTHESIS:PWY-6144
809	CMP-PSEUDAMINATE BIOSYNTHESIS:PWY-6143
810	CO2 FIXATION INTO OXALOACETATE (ANAPLEROTIC):PWYQT-4429
811	COB(II)YRINATE A,C-DIAMIDE BIOSYNTHESIS I (EARLY COBALT INSERTION):PWY-7377
812	COB(II)YRINATE A,C-DIAMIDE BIOSYNTHESIS II (LATE COBALT INCORPORATION):PWY-7376
813	COBALAMIN SALVAGE (EUKARYOTIC):PWY-7974
814	COCAINE BIOSYNTHESIS:PWY-5843
815	COELIMYCIN P1 BIOSYNTHESIS:PWY-7880
816	COENZYME A BIOSYNTHESIS I (PROKARYOTIC):COA-PWY
817	COENZYME A BIOSYNTHESIS II (EUKARYOTIC):PWY-7851
818	COENZYME B BIOSYNTHESIS:P241-PWY
819	COENZYME B/COENZYME M REGENERATION I (METHANOPHENAZINE-DEPENDENT):PWY-5207
820	COENZYME B/COENZYME M REGENERATION II (FERREDOXIN-DEPENDENT):PWY-7865
821	COENZYME B/COENZYME M REGENERATION III (COENZYME F420-DEPENDENT):PWY-7866
822	COENZYME B/COENZYME M REGENERATION IV (H2-DEPENDENT):PWY-7867
823	COENZYME B/COENZYME M REGENERATION V (FORMATE-DEPENDENT):PWY-7868
824	COENZYME M BIOSYNTHESIS I:P261-PWY
825	COENZYME M BIOSYNTHESIS II:PWY-6643
826	COLANIC ACID BUILDING BLOCKS BIOSYNTHESIS:COLANSYN-PWY
827	COLCHICINE BIOSYNTHESIS:PWY-5846
828	COLIBACTIN BIOSYNTHESIS:PWY-8117
829	COLUPULONE AND COHUMULONE BIOSYNTHESIS:PWY-5133
830	COMPLEX N-LINKED GLYCAN BIOSYNTHESIS (PLANTS):PWY-7920
831	COMPLEX N-LINKED GLYCAN BIOSYNTHESIS (VERTEBRATES):PWY-7426
832	CONIFERIN METABOLISM:PWY-116
833	CONIFERYL ALCOHOL 9-METHYL ESTER BIOSYNTHESIS:PWY-7643
834	CONVERSION OF SUCCINATE TO PROPANOATE:PWY0-43
835	COPTISINE BIOSYNTHESIS:PWY-8030
836	CORAL BIOLUMINESCENCE:PWY-7914
837	CORNUSIIN E BIOSYNTHESIS:PWY-5476
838	COSTUNOLIDE BIOSYNTHESIS:PWY-6540
839	COUMARIN BIOSYNTHESIS (VIA 2-COUMARATE):PWY-5176
840	COUMARIN METABOLISM (TO MELILOTIC ACID):PWY-5319
841	COUMARINS BIOSYNTHESIS (ENGINEERED):PWY-7398
842	COUMESTROL BIOSYNTHESIS:PWY-6332
843	CREATINE BIOSYNTHESIS:GLYCGREAT-PWY
844	CREATINE-PHOSPHATE BIOSYNTHESIS:PWY-6158
845	CREATININE DEGRADATION I:CRNFORCAT-PWY
846	CREATININE DEGRADATION II:PWY-4722
847	CREATININE DEGRADATION III:PWY-4741
848	CREPENYNATE BIOSYNTHESIS:PWY-6013
849	CROCETIN BIOSYNTHESIS:PWY-5397
850	CROCETIN ESTERS BIOSYNTHESIS:PWY-5398
851	CROTONATE FERMENTATION (TO ACETATE AND CYCLOHEXANE CARBOXYLATE):PWY-7401
852	CROTONOSINE BIOSYNTHESIS:PWY-8100
853	CROTONYL-COA/ETHYLMALONYL-COA/HYDROXYBUTYRYL-COA CYCLE (ENGINEERED):PWY-7854
854	CURCUMENE BIOSYNTHESIS:PWY-6257
855	CURCUMIN DEGRADATION:PWY0-1527
856	CURCUMIN GLUCOSIDE BIOSYNTHESIS:PWY-4421
857	CURCUMINOID BIOSYNTHESIS:PWY-6432
858	CUTICULAR WAX BIOSYNTHESIS:PWY-282
859	CUTIN BIOSYNTHESIS:PWY-321
860	CYANATE DEGRADATION:CYANCAT-PWY
861	CYANIDE DEGRADATION:P401-PWY
862	CYANIDE DETOXIFICATION I:ASPSYNII-PWY
863	CYANIDE DETOXIFICATION II:PWY-7142
864	CYANIDIN 3,7-DIGLUCOSIDE POLYACYLATION BIOSYNTHESIS:PWY-7464
865	CYANIDIN DIGLUCOSIDE BIOSYNTHESIS (ACYL-GLUCOSE DEPENDENT):PWY-7256
866	CYANIDIN DIMALONYLGLUCOSIDE BIOSYNTHESIS:PWY-7452
867	CYANOPHYCIN METABOLISM:PWY-7052
868	CYANURIC ACID DEGRADATION I:PWY-8025
869	CYANURIC ACID DEGRADATION II:PWY-5169
870	CYCLIC 2,3-BISPHOSPHOGLYCERATE BIOSYNTHESIS:PWY-8098
871	CYCLOARTENOL BIOSYNTHESIS:PWY-8028
872	CYCLOBIS-(1&RARR;6)-ALPHA;-NIGEROSYL DEGRADATION:PWY-7828
873	CYCLOHEXANE-1-CARBOXYL-COA BIOSYNTHESIS:PWY-8044
874	CYCLOHEXANE-1-CARBOXYLATE DEGRADATION (ANAEROBIC):PWY-301
875	CYCLOHEXANOL DEGRADATION:CYCLOHEXANOL-OXIDATION-PWY
876	CYCLOOCTATIN BIOSYNTHESIS:PWY-7482
877	CYCLOPROPANE FATTY ACID (CFA) BIOSYNTHESIS:PWY0-541
878	CYLINDROSPERMOPSIN BIOSYNTHESIS:PWY-8045
879	CYTIDINE-5'-DIPHOSPHATE-GLYCEROL BIOSYNTHESIS:PWY-6626
880	CYTIDYLYL COPPER-MOLYBDENUM COFACTOR BIOSYNTHESIS:PWY-8163
881	CYTIDYLYL MOLYBDENUM COFACTOR BIOSYNTHESIS:PWY-6476
882	CYTIDYLYL MOLYBDENUM COFACTOR SULFURYLATION:PWY-8165
883	CYTOCHROME C BIOGENESIS (SYSTEM I TYPE):PWY-8147
884	CYTOCHROME C BIOGENESIS (SYSTEM II TYPE):PWY-8146
885	CYTOCHROME C BIOGENESIS (SYSTEM III TYPE):PWY-8145
886	CYTOKININ-O-GLUCOSIDES BIOSYNTHESIS:PWY-2902
887	CYTOKININS 7-N-GLUCOSIDE BIOSYNTHESIS:PWY-2881
888	CYTOKININS 9-N-GLUCOSIDE BIOSYNTHESIS:PWY-2901
889	CYTOKININS DEGRADATION:PWY-2841
890	CYTOSOLIC NADPH PRODUCTION (YEAST):PWY-7268
891	D-ALLOSE DEGRADATION:PWY0-44
892	D-ALTRITOL AND GALACTITOL DEGRADATION:PWY-7862
893	D-APIONATE DEGRADATION I (XYLOSE ISOMERASE FAMILY DECARBOXYLASE):PWY-8091
894	D-APIONATE DEGRADATION II (RLP DECARBOXYLASE):PWY-8090
895	D-APIONATE DEGRADATION III (RLP TRANSCARBOXYLASE/HYDROLASE):PWY-8092
896	D-APIOSE DEGRADATION I:PWY-8089
897	D-APIOSE DEGRADATION II (TO D-APIONATE):PWY-8093
898	D-ARABINOSE DEGRADATION I:DARABCATK12-PWY
899	D-ARABINOSE DEGRADATION II:DARABCAT-PWY
900	D-ARABINOSE DEGRADATION III:PWY-5519
901	D-ARABITOL DEGRADATION:DARABITOLUTIL-PWY
902	D-ARGININE DEGRADATION:PWY-6422
903	D-CARNITINE DEGRADATION I:PWY-7471
904	D-CARNITINE DEGRADATION II:PWY-7472
905	D-CYCLOSERINE BIOSYNTHESIS:PWY-7274
906	D-ERYTHRONATE DEGRADATION I:PWY-7872
907	D-ERYTHRONATE DEGRADATION II:PWY-7873
908	D-FRUCTURONATE DEGRADATION:PWY-7242
909	D-GALACTARATE DEGRADATION I:GALACTARDEG-PWY
910	D-GALACTARATE DEGRADATION II:PWY-6497
911	D-GALACTONATE DEGRADATION:GALACTCAT-PWY
912	D-GALACTOSAMINE AND N-ACETYL-D-GALACTOSAMINE DEGRADATION:PWY-7395
913	D-GALACTOSE DEGRADATION I (LELOIR PATHWAY):PWY-6317
914	D-GALACTOSE DEGRADATION II:GALDEG-PWY
915	D-GALACTOSE DEGRADATION IV:PWY-6693
916	D-GALACTOSE DETOXIFICATION:PWY-3821
917	D-GALACTURONATE DEGRADATION I:GALACTUROCAT-PWY
918	D-GALACTURONATE DEGRADATION II:PWY-6486
919	D-GALACTURONATE DEGRADATION III:PWY-6491
920	D-GLUCARATE DEGRADATION I:GLUCARDEG-PWY
921	D-GLUCARATE DEGRADATION II:PWY-6499
922	D-GLUCONATE DEGRADATION:GLUCONSUPER-PWY
923	D-GLUCOSAMINATE DEGRADATION:PWY-7310
924	D-GLUCURONATE DEGRADATION I:PWY-5525
925	D-GLUCURONATE DEGRADATION II:PWY-6501
926	D-GULOSIDES CONVERSION TO D-GLUCOSIDES:PWY0-1602
927	D-LACTATE TO CYTOCHROME BO OXIDASE ELECTRON TRANSFER:PWY0-1565
928	D-MALATE DEGRADATION:PWY0-1465
929	D-MANNOSE DEGRADATION:MANNCAT-PWY
930	D-MYO-INOSITOL (1,3,4)-TRISPHOSPHATE BIOSYNTHESIS:PWY-6364
931	D-MYO-INOSITOL (1,4,5)-TRISPHOSPHATE BIOSYNTHESIS:PWY-6351
932	D-MYO-INOSITOL (1,4,5)-TRISPHOSPHATE DEGRADATION:PWY-6363
933	D-MYO-INOSITOL (1,4,5,6)-TETRAKISPHOSPHATE BIOSYNTHESIS:PWY-6366
934	D-MYO-INOSITOL (3,4,5,6)-TETRAKISPHOSPHATE BIOSYNTHESIS:PWY-6365
935	D-MYO-INOSITOL-5-PHOSPHATE METABOLISM:PWY-6367
936	D-PHENYLGLYCINE DEGRADATION:PWY-8161
937	D-SERINE DEGRADATION:PWY-6196
938	D-SERINE DEGRADATION:PWY0-1535
939	D-SORBITOL BIOSYNTHESIS I:PWY-5054
940	D-SORBITOL DEGRADATION I:PWY-4101
941	D-SORBITOL DEGRADATION II:SORBDEG-PWY
942	D-THREITOL DEGRADATION:PWY-7786
943	D-THREONATE DEGRADATION:PWY-7871
944	D-XYLOSE DEGRADATION I:XYLCAT-PWY
945	D-XYLOSE DEGRADATION II:PWY-5516
946	D-XYLOSE DEGRADATION III:PWY-6760
947	D-XYLOSE DEGRADATION IV:PWY-7294
948	D-XYLOSE DEGRADATION TO ETHYLENE GLYCOL (ENGINEERED):PWY-7178
949	D-XYLOSE DEGRADATION V:PWY-8020
950	DAIDZEIN CONJUGATES INTERCONVERSION:PWY-2343
951	DAIDZIN AND DAIDZEIN DEGRADATION:PWY-6996
952	DALCOCHININ BIOSYNTHESIS:PWY-5821
953	DALPATEIN AND DALNIGREIN BIOSYNTHESIS:PWY-5825
954	DAMMARA-20,24-DIENE BIOSYNTHESIS:PWY-6095
955	DAPDIAMIDES BIOSYNTHESIS:PWY-7706
956	DAPHNETIN MODIFICATION:PWY-7055
957	DAPHNIN INTERCONVERSION:PWY-7056
958	DAUNORUBICIN BIOSYNTHESIS:PWY-7352
959	DAURICHROMENATE BIOSYNTHESIS:PWY-8084
960	DEACETYLCEPHALOSPORIN C BIOSYNTHESIS:PWY-5631
961	DECAPRENOXANTHIN DIGLUCOSIDE BIOSYNTHESIS:PWY18HP-2
962	DECHLOROGRISEOFULVIN BIOSYNTHESIS:PWY-7655
963	DEETHYLSIMAZINE DEGRADATION:PWY-5726
964	DEHYDRO-D-ARABINONO-1,4-LACTONE BIOSYNTHESIS:PWY3O-6
965	DEHYDROABIETIC ACID BIOSYNTHESIS:PWY-5421
966	DEHYDROPHOS BIOSYNTHESIS:PWY-6682
967	DEHYDROSCOULERINE BIOSYNTHESIS:PWY-6337
968	DELPHINIDIN DIGLUCOSIDE BIOSYNTHESIS (ACYL-GLUCOSE DEPENDENT):PWY-7260
969	DELTA;-GUAIENE BIOSYNTHESIS:PWY-6669
970	DEMETHYLMENAQUINOL-4 BIOSYNTHESIS:PWY-7997
971	DEMETHYLMENAQUINOL-6 BIOSYNTHESIS I:PWY-5853
972	DEMETHYLMENAQUINOL-6 BIOSYNTHESIS II:PWY-7372
973	DEMETHYLMENAQUINOL-8 BIOSYNTHESIS I:PWY-5852
974	DEMETHYLMENAQUINOL-8 BIOSYNTHESIS II:PWY-6262
975	DEMETHYLMENAQUINOL-9 BIOSYNTHESIS:PWY-5851
976	DEOXYNIVALENOL BIOSYNTHESIS:PWY-7712
977	DERMATAN SULFATE BIOSYNTHESIS (LATE STAGES):PWY-6568
978	DERMATAN SULFATE BIOSYNTHESIS:PWY-6571
979	DERMATAN SULFATE DEGRADATION (METAZOA):PWY-6576
980	DERMATAN SULFATE DEGRADATION I (BACTERIAL):PWY-7646
981	DES-METHYL AVENACIN A-1 BIOSYNTHESIS:PWY-7475
982	DESFERRIOXAMINE B BIOSYNTHESIS:PWY-6376
983	DESFERRIOXAMINE E BIOSYNTHESIS:PWY-6375
984	DETOXIFICATION OF REACTIVE CARBONYLS IN CHLOROPLASTS:PWY-6786
985	DHURRIN BIOSYNTHESIS:PWY-861
986	DHURRIN DEGRADATION:PWY-5976
987	DI-MYO-INOSITOL PHOSPHATE BIOSYNTHESIS:PWY-6664
988	DI-TRANS,POLY-CIS-UNDECAPRENYL PHOSPHATE BIOSYNTHESIS:PWY-5785
989	DIACYLGLYCEROL AND TRIACYLGLYCEROL BIOSYNTHESIS:TRIGLSYN-PWY
990	DIACYLGLYCEROL BIOSYNTHESIS (PUFA ENRICHMENT IN OILSEED):PWY-6804
991	DIACYLGLYCERYL-N,N,N-TRIMETHYLHOMOSERINE BIOSYNTHESIS:PWY-6795
992	DIACYLSUCROSE BIOSYNTHESIS (SOLANUM):PWY18C3-9
993	DIADINOXANTHIN AND DIATOXANTHIN INTERCONVERSION:PWY-7949
994	DIADINOXANTHIN AND FUCOXANTHIN BIOSYNTHESIS:PWY-7950
995	DIBENZO-P-DIOXIN DEGRADATION:P661-PWY
996	DIBENZOFURAN DEGRADATION:P662-PWY
997	DIBENZOTHIOPHENE DESULFURIZATION:PWY-681
998	DIBOA-GLUCOSIDE BIOSYNTHESIS:PWY-6949
999	DICRANIN BIOSYNTHESIS:PWY-6603
1000	DIETHYLPHOSPHATE DEGRADATION:PWY-5491
1001	DIGITOXIGENIN BIOSYNTHESIS:PWY-6032
1002	DIHYDROCONIFERYL ALCOHOL BIOSYNTHESIS:PWY-6302
1003	DIMBOA-GLUCOSIDE ACTIVATION:PWY-4441
1004	DIMBOA-GLUCOSIDE BIOSYNTHESIS:PWY-6950
1005	DIMETHYL SULFIDE BIOSYNTHESIS FROM METHIONINE:PWY-7793
1006	DIMETHYL SULFIDE DEGRADATION I:PWY-6047
1007	DIMETHYL SULFIDE DEGRADATION II (OXIDATION):PWY-6059
1008	DIMETHYL SULFONE DEGRADATION:PWY-6058
1009	DIMETHYL SULFOXIDE DEGRADATION:PWY-6050
1010	DIMETHYLSULFIDE TO CYTOCHROME C2 ELECTRON TRANSFER:PWY-6057
1011	DIMETHYLSULFONIOPROPANOATE BIOSYNTHESIS I (WOLLASTONIA):PWY-6054
1012	DIMETHYLSULFONIOPROPANOATE BIOSYNTHESIS II (SPARTINA):PWY-6055
1013	DIMETHYLSULFONIOPROPANOATE BIOSYNTHESIS III (ALGAE AND PHYTOPLANKTON):PWY-6053
1014	DIMETHYLSULFONIOPROPANOATE DEGRADATION I (CLEAVAGE):PWY-6046
1015	DIMETHYLSULFONIOPROPANOATE DEGRADATION II (CLEAVAGE):PWY-6056
1016	DIMETHYLSULFONIOPROPANOATE DEGRADATION III (DEMETHYLATION):PWY-6052
1017	DIMORPHECOLATE BIOSYNTHESIS:PWY-5368
1018	DIMYCOCEROSYL PHTHIOCEROL BIOSYNTHESIS:PWY-7744
1019	DIMYCOCEROSYL TRIGLYCOSYL PHENOLPHTHIOCEROL BIOSYNTHESIS:PWY-7743
1020	DINOFLAGELLATE BIOLUMINESCENCE:PWY-7912
1021	DIPHENYL ETHERS DEGRADATION:PWY-7747
1022	DIPHENYLAMINE DEGRADATION:PWY-6532
1023	DIPHTHAMIDE BIOSYNTHESIS I (ARCHAEA):PWY-6482
1024	DIPHTHAMIDE BIOSYNTHESIS II (EUKARYOTES):PWY-7546
1025	DIPHYLLIN BIOSYNTHESIS:PWY-6820
1026	DIPICOLINATE BIOSYNTHESIS:PWY-8088
1027	DIPLOTEROL BIOSYNTHESIS:PWY-6098
1028	DIPYRROMETHANE COFACTOR BIOSYNTHESIS:PWY-8159
1029	DISSIMILATORY SULFATE REDUCTION I (TO HYDROGEN SUFIDE)):DISSULFRED-PWY
1030	DITERPENE PHYTOALEXINS PRECURSORS BIOSYNTHESIS:PWY-2981
1031	DIVINYL ETHER BIOSYNTHESIS I:PWY-5406
1032	DIVINYL ETHER BIOSYNTHESIS II:PWY-5409
1033	DOCOSAHEXAENOATE BIOSYNTHESIS I (LOWER EUKARYOTES):PWY-7053
1034	DOCOSAHEXAENOATE BIOSYNTHESIS II (BACTERIA):PWY-7585
1035	DOCOSAHEXAENOATE BIOSYNTHESIS III (6-DESATURASE, MAMMALS):PWY-7606
1036	DOCOSAHEXAENOATE BIOSYNTHESIS IV (4-DESATURASE, MAMMALS):PWY-7727
1037	DODECAPRENYL DIPHOSPHATE BIOSYNTHESIS:PWY-5817
1038	DOLABRALEXINS BIOSYNTHESIS:PWY-7994
1039	DOLICHOL AND DOLICHYL PHOSPHATE BIOSYNTHESIS:PWY-6129
1040	DOMOIC ACID BIOSYNTHESIS:PWY-8083
1041	DOPAMINE DEGRADATION:PWY6666-2
1042	DOXORUBICIN BIOSYNTHESIS:PWY-7355
1043	DROSOPTERIN AND AURODROSOPTERIN BIOSYNTHESIS:PWY-7442
1044	DTDP-3-ACETAMIDO-3,6-DIDEOXY-ALPHA;-D-GLUCOSE BIOSYNTHESIS:PWY-7318
1045	DTDP-3-ACETAMIDO-ALPHA;-D-FUCOSE BIOSYNTHESIS:PWY-6953
1046	DTDP-4-O-DEMETHYL-BETA;-L-NOVIOSE BIOSYNTHESIS:PWY-7301
1047	DTDP-6-DEOXY-ALPHA;-D-ALLOSE BIOSYNTHESIS:PWY-7413
1048	DTDP-ALPHA;-D-FOROSAMINE BIOSYNTHESIS:PWY-6808
1049	DTDP-ALPHA;-D-MYCAMINOSE BIOSYNTHESIS:PWY-7414
1050	DTDP-ALPHA;-D-OLIVOSE, DTDP-ALPHA;-D-OLIOSE AND DTDP-ALPHA;-D-MYCAROSE BIOSYNTHESIS:PWY-6973
1051	DTDP-ALPHA;-D-RAVIDOSAMINE AND DTDP-4-ACETYL-ALPHA;-D-RAVIDOSAMINE BIOSYNTHESIS:PWY-7688
1052	DTDP-BETA;-D-FUCOFURANOSE BIOSYNTHESIS:PWY-7312
1053	DTDP-BETA;-L-4-EPI-VANCOSAMINE BIOSYNTHESIS:PWY-7440
1054	DTDP-BETA;-L-DIGITOXOSE BIOSYNTHESIS:PWY-7657
1055	DTDP-BETA;-L-EVERNITROSE BIOSYNTHESIS:PWY-7439
1056	DTDP-BETA;-L-MEGOSAMINE BIOSYNTHESIS:PWY-7104
1057	DTDP-BETA;-L-MYCAROSE BIOSYNTHESIS:PWY-6976
1058	DTDP-BETA;-L-OLIVOSE BIOSYNTHESIS:PWY-6974
1059	DTDP-BETA;-L-RHAMNOSE BIOSYNTHESIS:DTDPRHAMSYN-PWY
1060	DTDP-D-DESOSAMINE BIOSYNTHESIS:PWY-6942
1061	DTDP-L-DAUNOSAMINE BIOSYNTHESIS:PWY-7814
1062	DTDP-N-ACETYLTHOMOSAMINE BIOSYNTHESIS:PWY-7315
1063	DTDP-N-ACETYLVIOSAMINE BIOSYNTHESIS:PWY-7316
1064	ECDYSONE AND 20-HYDROXYECDYSONE BIOSYNTHESIS:PWY-7300
1065	ECDYSTEROID METABOLISM (ARTHROPODS):PWY-7321
1066	ECHINATIN BIOSYNTHESIS:PWY-6325
1067	ECHINENONE AND ZEAXANTHIN BIOSYNTHESIS (SYNECHOCYSTIS):PWY-7638
1068	ECHINOCANDIN B BIOSYNTHESIS:PWY-7650
1069	ECHINOCANDIN B DEGRADATION:PWY-7652
1070	ECHINOMYCIN AND TRIOSTIN A BIOSYNTHESIS:PWY-7735
1071	ECTOINE BIOSYNTHESIS:P101-PWY
1072	ECTOINE DEGRADATION:PWY-7855
1073	ELLAGIC ACID DEGRADATION TO UROLITHINS:PWY-7951
1074	ELLORAMYCIN BIOSYNTHESIS:PWY-7483
1075	EMETINE BIOSYNTHESIS:PWY-7135
1076	EMODIN BIOSYNTHESIS:PWY-8166
1077	ENT -KAURENE BIOSYNTHESIS II:PWY-6653
1078	ENT-KAURENE BIOSYNTHESIS I:PWY-5032
1079	ENTEROBACTERIAL COMMON ANTIGEN BIOSYNTHESIS:ECASYN-PWY
1080	ENTEROBACTIN BIOSYNTHESIS:ENTBACSYN-PWY
1081	ENTNER-DOUDOROFF PATHWAY I:PWY-8004
1082	ENTNER-DOUDOROFF PATHWAY II (NON-PHOSPHORYLATIVE):NPGLUCAT-PWY
1083	ENTNER-DOUDOROFF PATHWAY III (SEMI-PHOSPHORYLATIVE):PWY-2221
1084	ENTNER-DOUDOROFF SHUNT:ENTNER-DOUDOROFF-PWY
1085	EPHEDRINE BIOSYNTHESIS:PWY-5883
1086	EPIBERBERINE BIOSYNTHESIS:PWY-8031
1087	EPOXYPSEUDOISOEUGENOL-2-METHYLBUTANOATE BIOSYNTHESIS:PWY-5882
1088	EPOXYSQUALENE BIOSYNTHESIS:PWY-5670
1089	EQUISETIN BIOSYNTHESIS:PWY-7669
1090	ERGOSTEROL BIOSYNTHESIS I:PWY-6075
1091	ERGOSTEROL BIOSYNTHESIS II:PWY-7154
1092	ERGOTAMINE BIOSYNTHESIS:PWY-6495
1093	ERGOTHIONEINE BIOSYNTHESIS I (BACTERIA):PWY-7255
1094	ERGOTHIONEINE BIOSYNTHESIS II (FUNGI):PWY-7550
1095	ERIODICTYOL C-GLUCOSYLATION:PWY-7188
1096	ERYTHRITOL DEGRADATION I:PWY-7789
1097	ERYTHRITOL DEGRADATION II:PWY-7788
1098	ERYTHRO-TETRAHYDROBIOPTERIN BIOSYNTHESIS I:PWY-5663
1099	ERYTHROMYCIN A BIOSYNTHESIS:PWY-7108
1100	ERYTHROMYCIN D BIOSYNTHESIS:PWY-7106
1101	ESCHERICHIA COLI SEROTYPE O86 O-ANTIGEN BIOSYNTHESIS:PWY-7290
1102	ESCHERICHIA COLI SEROTYPE O9A O-ANTIGEN BIOSYNTHESIS:PWY-7905
1103	ESCULETIN BIOSYNTHESIS:PWY-5349
1104	ESCULETIN MODIFICATION:PWY-7058
1105	ESTERIFIED SUBERIN BIOSYNTHESIS:PWY-7120
1106	ESTRADIOL BIOSYNTHESIS I (VIA ESTRONE):PWY66-380
1107	ESTRADIOL BIOSYNTHESIS II:PWY-7306
1108	ETHANEDISULFONATE DEGRADATION:PWY-6043
1109	ETHANOL DEGRADATION I:ETOH-ACETYLCOA-ANA-PWY
1110	ETHANOL DEGRADATION II:PWY66-21
1111	ETHANOL DEGRADATION III:PWY66-161
1112	ETHANOL DEGRADATION IV:PWY66-162
1113	ETHANOLAMINE UTILIZATION:PWY0-1477
1114	ETHENE AND CHLOROETHENE DEGRADATION:PWY-7776
1115	ETHENE BIOSYNTHESIS I (PLANTS):ETHYL-PWY
1116	ETHENE BIOSYNTHESIS II (MICROBES):PWY-6853
1117	ETHENE BIOSYNTHESIS III (MICROBES):PWY-6854
1118	ETHENE BIOSYNTHESIS IV (ENGINEERED):PWY-7126
1119	ETHENE BIOSYNTHESIS V (ENGINEERED):PWY-7124
1120	ETHIIN METABOLISM:PWY-5708
1121	ETHIONAMIDE ACTIVATION:PWY-7895
1122	ETHYLBENZENE DEGRADATION (ANAEROBIC):PWY-481
1123	ETHYLENE GLYCOL DEGRADATION:PWY0-1280
1124	ETHYLMALONYL-COA PATHWAY:PWY-5741
1125	EUDESMOL BIOSYNTHESIS:PWY-6271
1126	EUGENOL AND ISOEUGENOL BIOSYNTHESIS:PWY-5859
1127	EUMELANIN BIOSYNTHESIS:PWY-6498
1128	EUPATOLITIN 3-O-GLUCOSIDE BIOSYNTHESIS:PWY-7157
1129	EVEN ISO-BRANCHED-CHAIN FATTY ACID BIOSYNTHESIS:PWY-8175
1130	EXTENDED VTC2 CYCLE:PWY4FS-13
1131	FACTOR 420 BIOSYNTHESIS I (ARCHAEA):PWY-8112
1132	FACTOR 420 BIOSYNTHESIS II (MYCOBACTERIA):PWY-5198
1133	FACTOR 420 POLYGLUTAMYLATION:PWY-5199
1134	FACTOR 430 BIOSYNTHESIS:PWY-5196
1135	FARNESENE BIOSYNTHESIS:PWY-5725
1136	FARNESYLCYSTEINE SALVAGE PATHWAY:PWY-6577
1137	FATTY ACID ALPHA;-OXIDATION I (PLANTS):PWY-2501
1138	FATTY ACID BETA;-OXIDATION I (GENERIC):FAO-PWY
1139	FATTY ACID BETA;-OXIDATION II (PLANT PEROXISOME):PWY-5136
1140	FATTY ACID BETA;-OXIDATION III (UNSATURATED, ODD NUMBER):PWY-5137
1141	FATTY ACID BETA;-OXIDATION IV (UNSATURATED, EVEN NUMBER):PWY-5138
1142	FATTY ACID BETA;-OXIDATION V (UNSATURATED, ODD NUMBER, DI-ISOMERASE-DEPENDENT):PWY-6837
1143	FATTY ACID BETA;-OXIDATION VI (MAMMALIAN PEROXISOME):PWY66-391
1144	FATTY ACID BETA;-OXIDATION VII (YEAST PEROXISOME):PWY-7288
1145	FATTY ACID BIOSYNTHESIS INITIATION (MITOCHONDRIA):PWY66-429
1146	FATTY ACID BIOSYNTHESIS INITIATION (PLANT MITOCHONDRIA):PWY-6799
1147	FATTY ACID BIOSYNTHESIS INITIATION (TYPE I):PWY-5966-1
1148	FATTY ACID BIOSYNTHESIS INITIATION (TYPE II):PWY-4381
1149	FATTY ACID ELONGATION -- SATURATED:FASYN-ELONG-PWY
1150	FATTY ACID SALVAGE:PWY-7094
1151	FE(II) OXIDATION:PWY-6692
1152	FELININE AND 3-METHYL-3-SULFANYLBUTAN-1-OL BIOSYNTHESIS:PWY-8001
1153	FEMO COFACTOR BIOSYNTHESIS:PWY-7710
1154	FENCHOL BIOSYNTHESIS I:PWY-6437
1155	FENCHOL BIOSYNTHESIS II:PWY-6445
1156	FENCHONE BIOSYNTHESIS:PWY-6449
1157	FERRICHROME A BIOSYNTHESIS:PWY-7571
1158	FERRICHROME BIOSYNTHESIS:PWY-7577
1159	FERULATE AND SINAPATE BIOSYNTHESIS:PWY-5168
1160	FERULATE DEGRADATION:PWY-6343
1161	FIREFLY BIOLUMINESCENCE:PWY-7913
1162	FLAVIN BIOSYNTHESIS I (BACTERIA AND PLANTS):RIBOSYN2-PWY
1163	FLAVIN BIOSYNTHESIS II (ARCHAEA):PWY-6167
1164	FLAVIN BIOSYNTHESIS III (FUNGI):PWY-6168
1165	FLAVIN SALVAGE:PWY66-366
1166	FLAVIN-N5-OXIDE BIOSYNTHESIS:PWY-8063
1167	FLAVIOLIN DIMER AND MOMPAIN BIOSYNTHESIS:PWY-7513
1168	FLAVONOID BIOSYNTHESIS (IN EQUISETUM):PWY-6787
1169	FLAVONOID BIOSYNTHESIS:PWY1F-FLAVSYN
1170	FLAVONOID DI-C-GLUCOSYLATION:PWY-7897
1171	FLAVONOL ACYLGLUCOSIDE BIOSYNTHESIS I - KAEMPFEROL DERIVATIVES:PWY-7168
1172	FLAVONOL ACYLGLUCOSIDE BIOSYNTHESIS II - ISORHAMNETIN DERIVATIVES:PWY-7171
1173	FLAVONOL ACYLGLUCOSIDE BIOSYNTHESIS III - QUERCETIN DERIVATIVES:PWY-7172
1174	FLAVONOL BIOSYNTHESIS:PWY-3101
1175	FLEXIXANTHIN BIOSYNTHESIS:PWY-7947
1176	FLUORENE DEGRADATION I:FLUORENE-DEG-9-ONE-PWY
1177	FLUORENE DEGRADATION II:PWY-1381
1178	FLUOROACETATE AND FLUOROTHREONINE BIOSYNTHESIS:PWY-6644
1179	FLUOROACETATE DEGRADATION:PWY-6646
1180	FOLATE POLYGLUTAMYLATION:PWY-2161
1181	FOLATE TRANSFORMATIONS I:PWY-2201
1182	FOLATE TRANSFORMATIONS II (PLANTS):PWY-3841
1183	FOLATE TRANSFORMATIONS III (E. COLI):1CMET2-PWY
1184	FORMALDEHYDE ASSIMILATION I (SERINE PATHWAY):PWY-1622
1185	FORMALDEHYDE ASSIMILATION II (ASSIMILATORY RUMP CYCLE):PWY-1861
1186	FORMALDEHYDE ASSIMILATION III (DIHYDROXYACETONE CYCLE):P185-PWY
1187	FORMALDEHYDE OXIDATION I:RUMP-PWY
1188	FORMALDEHYDE OXIDATION II (GLUTATHIONE-DEPENDENT):PWY-1801
1189	FORMALDEHYDE OXIDATION III (MYCOTHIOL-DEPENDENT):PWY1G-170
1190	FORMALDEHYDE OXIDATION IV (THIOL-INDEPENDENT):FORMASS-PWY
1191	FORMALDEHYDE OXIDATION V (BACILLITHIOL-DEPENDENT):PWY-7908
1192	FORMALDEHYDE OXIDATION VI (H4MPT PATHWAY):PWY-1723
1193	FORMALDEHYDE OXIDATION VII (THF PATHWAY):PWY-7909
1194	FORMATE ASSIMILATION INTO 5,10-METHYLENETETRAHYDROFOLATE:PWY-1722
1195	FORMATE OXIDATION TO CO2:PWY-1881
1196	FORMATE TO DIMETHYL SULFOXIDE ELECTRON TRANSFER:PWY0-1356
1197	FORMATE TO NITRITE ELECTRON TRANSFER:PWY0-1585
1198	FORMATE TO TRIMETHYLAMINE N-OXIDE ELECTRON TRANSFER:PWY0-1355
1199	FORMONONETIN BIOSYNTHESIS:PWY-2321
1200	FORMONONETIN CONJUGATES INTERCONVERSION:PWY-2904
1201	FOSFOMYCIN BIOSYNTHESIS:PWY-5757
1202	FR-900098 AND FR-33289 ANTIBIOTICS BIOSYNTHESIS:PWY-7419
1203	FREE PHENYLPROPANOID ACID BIOSYNTHESIS:PWY-2181
1204	FRUCTAN BIOSYNTHESIS:PWY-822
1205	FRUCTAN DEGRADATION:PWY-862
1206	FRUCTOSE 2,6-BISPHOSPHATE BIOSYNTHESIS:PWY66-423
1207	FRUCTOSE DEGRADATION:PWY0-1314
1208	FRUCTOSELYSINE AND PSICOSELYSINE DEGRADATION:PWY0-521
1209	FRUCTOSYLLYSINE AND GLUCOSYLLYSINE METABOLISM:PWY1QP9-2
1210	FUCOSE DEGRADATION:FUCCAT-PWY
1211	FUMIGACLAVINE BIOSYNTHESIS:PWY-7059
1212	FUMIQUINAZOLINE D BIOSYNTHESIS:PWY-7542
1213	FUMITREMORGIN A BIOSYNTHESIS:PWY-7526
1214	FUMITREMORGIN C BIOSYNTHESIS:PWY-7525
1215	FUNGAL BIOLUMINESCENCE:PWY-7937
1216	FURANEOL AND MESIFURANE BIOSYNTHESIS:PWY-5975
1217	FURCATIN DEGRADATION:PWY-7113
1218	FURFURAL DEGRADATION:PWY-6997
1219	FUSARIC ACID BIOSYNTHESIS:PWY-7672
1220	FUSARIDIONE A BIOSYNTHESIS:PWY-7670
1221	FUSARIN C BIOSYNTHESIS:PWY-7673
1222	FUSICOCCIN A BIOSYNTHESIS:PWY-6659
1223	GA12 BIOSYNTHESIS:PWY-5034
1224	GABA SHUNT:GLUDEG-I-PWY
1225	GADUSOL BIOSYNTHESIS:PWY-7752
1226	GALA-SERIES GLYCOSPHINGOLIPIDS BIOSYNTHESIS:PWY-7840
1227	GALACTITOL DEGRADATION:GALACTITOLCAT-PWY
1228	GALACTOLIPID BIOSYNTHESIS I:PWY-401
1229	GALACTOLIPID BIOSYNTHESIS II:PWY-7666
1230	GALACTOSYLCYCLITOL BIOSYNTHESIS:PWY-5338
1231	GALENA OXIDATION:P301-PWY
1232	GALLATE BIOSYNTHESIS:PWY-6707
1233	GALLATE DEGRADATION I:GALLATE-DEGRADATION-II-PWY
1234	GALLATE DEGRADATION II:GALLATE-DEGRADATION-I-PWY
1235	GALLATE DEGRADATION III (ANAEROBIC):P3-PWY
1236	GALLOTANNIN BIOSYNTHESIS:PWY-5477
1237	GALLOYLATED CATECHIN BIOSYNTHESIS:PWY-7448
1238	GAMMA;-BUTYROBETAINE DEGRADATION:PWY-3621
1239	GAMMA;-CONICIENE AND CONIINE BIOSYNTHESIS:PWY-5748
1240	GAMMA;-GLUTAMYL CYCLE:PWY-4041
1241	GAMMA;-HEXACHLOROCYCLOHEXANE DEGRADATION:GAMMAHEXCHLORDEG-PWY
1242	GAMMA;-LINOLENATE BIOSYNTHESIS I (PLANTS):PWY-5998
1243	GAMMA;-LINOLENATE BIOSYNTHESIS II (ANIMALS):PWY-6000
1244	GAMMA;-LINOLENATE BIOSYNTHESIS III (CYANOBACTERIA):PWY-7594
1245	GAMMA;-RESORCYLATE DEGRADATION I:PWY-7773
1246	GAMMA;-RESORCYLATE DEGRADATION II:PWY-7772
1247	GANGLIO-SERIES GLYCOSPHINGOLIPIDS BIOSYNTHESIS:PWY-7836
1248	GDP-6-DEOXY-D-ALTRO-HEPTOSE BIOSYNTHESIS:PWY-7610
1249	GDP-6-DEOXY-D-MANNO-HEPTOSE BIOSYNTHESIS:PWY-7613
1250	GDP-6-DEOXY-D-TALOSE BIOSYNTHESIS:PWY-5738
1251	GDP-ALPHA;-D-GLUCOSE BIOSYNTHESIS:PWY-5661
1252	GDP-D-GLYCERO-ALPHA;-D-MANNO-HEPTOSE BIOSYNTHESIS:PWY-6478
1253	GDP-D-PEROSAMINE BIOSYNTHESIS:PWY-5739
1254	GDP-D-RHAMNOSE BIOSYNTHESIS:GDPRHAMSYN-PWY
1255	GDP-L-COLITOSE BIOSYNTHESIS:PWY-5740
1256	GDP-L-FUCOSE BIOSYNTHESIS I (FROM GDP-D-MANNOSE):PWY-66
1257	GDP-L-FUCOSE BIOSYNTHESIS II (FROM L-FUCOSE):PWY-6
1258	GDP-L-GALACTOSE BIOSYNTHESIS:PWY-5115
1259	GDP-MANNOSE BIOSYNTHESIS:PWY-5659
1260	GDP-MYCOSAMINE BIOSYNTHESIS:PWY-7573
1261	GELLAN DEGRADATION:PWY-6827
1262	GENISTEIN CONJUGATES INTERCONVERSION:PWY-2345
1263	GENISTIN GENTIOBIOSIDE BIOSYNTHESIS:PWY-7145
1264	GENTAMICIN BIOSYNTHESIS:PWY-7025
1265	GENTIODELPHIN BIOSYNTHESIS:PWY-5307
1266	GENTISATE 5-O-BETA;-D-XYLOPYRANOSIDE BIOSYNTHESIS:PWY18C3-20
1267	GENTISATE DEGRADATION I:PWY-6223
1268	GENTISATE DEGRADATION II:PWY-7469
1269	GEODIN BIOSYNTHESIS:PWY-7079
1270	GEOSMIN BIOSYNTHESIS:PWY-5950
1271	GERANIOL AND GERANIAL BIOSYNTHESIS:PWY-5829
1272	GERANIOL AND NEROL DEGRADATION:PWY-6678
1273	GERANIOL BIOSYNTHESIS (CYTOSOL):PWY-8176
1274	GERANYL ACETATE BIOSYNTHESIS:PWY-5835
1275	GERANYL BETA;-PRIMEVEROSIDE BIOSYNTHESIS:PWY-7697
1276	GERANYL DIPHOSPHATE BIOSYNTHESIS:PWY-5122
1277	GERANYLGERANYL DIPHOSPHATE BIOSYNTHESIS:PWY-5120
1278	GERMACRENE BIOSYNTHESIS:PWY-5733
1279	GIBBERELLIN BIOSYNTHESIS I (NON C-3, NON C-13 HYDROXYLATION):PWY-5070
1280	GIBBERELLIN BIOSYNTHESIS II (EARLY C-3 HYDROXYLATION):PWY-5036
1281	GIBBERELLIN BIOSYNTHESIS III (EARLY C-13 HYDROXYLATION):PWY-5035
1282	GIBBERELLIN BIOSYNTHESIS IV (GIBBERELLA FUJIKUROI):PWY-5047
1283	GIBBERELLIN BIOSYNTHESIS V:PWY-7232
1284	GIBBERELLIN INACTIVATION I (2BETA;-HYDROXYLATION):PWY-102
1285	GIBBERELLIN INACTIVATION II (METHYLATION):PWY-6477
1286	GIBBERELLIN INACTIVATION III (EPOXIDATION):PWY-6494
1287	GINKGOTOXIN BIOSYNTHESIS:PWY-8077
1288	GINSENOSIDE DEGRADATION I:PWY-6411
1289	GINSENOSIDE DEGRADATION II:PWY-6412
1290	GINSENOSIDE DEGRADATION III:PWY-6413
1291	GINSENOSIDES BIOSYNTHESIS:PWY-5672
1292	GLIOTOXIN BIOSYNTHESIS:PWY-7533
1293	GLIOTOXIN INACTIVATION:PWY-7534
1294	GLOBO-SERIES GLYCOSPHINGOLIPIDS BIOSYNTHESIS:PWY-7838
1295	GLUCOCORTICOID BIOSYNTHESIS:PWY66-381
1296	GLUCONEOGENESIS I:GLUCONEO-PWY
1297	GLUCONEOGENESIS II (METHANOBACTERIUM THERMOAUTOTROPHICUM):PWY-6142
1298	GLUCONEOGENESIS III:PWY66-399
1299	GLUCOSE AND GLUCOSE-1-PHOSPHATE DEGRADATION:GLUCOSE1PMETAB-PWY
1300	GLUCOSE DEGRADATION (OXIDATIVE):DHGLUCONATE-PYR-CAT-PWY
1301	GLUCOSINOLATE ACTIVATION:PWY-5267
1302	GLUCOSINOLATE BIOSYNTHESIS FROM DIHOMOMETHIONINE:PWYQT-4471
1303	GLUCOSINOLATE BIOSYNTHESIS FROM HEXAHOMOMETHIONINE:PWYQT-4475
1304	GLUCOSINOLATE BIOSYNTHESIS FROM HOMOMETHIONINE:PWY-1187
1305	GLUCOSINOLATE BIOSYNTHESIS FROM PENTAHOMOMETHIONINE:PWYQT-4474
1306	GLUCOSINOLATE BIOSYNTHESIS FROM PHENYLALANINE:PWY-2821
1307	GLUCOSINOLATE BIOSYNTHESIS FROM TETRAHOMOMETHIONINE:PWYQT-4473
1308	GLUCOSINOLATE BIOSYNTHESIS FROM TRIHOMOMETHIONINE:PWYQT-4472
1309	GLUCOSINOLATE BIOSYNTHESIS FROM TRYPTOPHAN:PWY-601
1310	GLUCOSINOLATE BIOSYNTHESIS FROM TYROSINE:PWY-7901
1311	GLUCOSYLGLYCERATE BIOSYNTHESIS I:PWY-5662
1312	GLUCOSYLGLYCERATE BIOSYNTHESIS II:PWY-6685
1313	GLUCOSYLGLYCEROL BIOSYNTHESIS:PWY-7902
1314	GLUCURONOARABINOXYLAN DEGRADATION:PWY-6813
1315	GLUTAMATE REMOVAL FROM FOLATES:PWY-2161B
1316	GLUTAMINYL-TRNAGLN BIOSYNTHESIS VIA TRANSAMIDATION:PWY-5921
1317	GLUTARATE DEGRADATION:PWY1G01-4
1318	GLUTARYL-COA DEGRADATION:PWY-5177
1319	GLUTATHIONE AMIDE METABOLISM:PWY-4181
1320	GLUTATHIONE BIOSYNTHESIS:GLUTATHIONESYN-PWY
1321	GLUTATHIONE DEGRADATION (DUG PATHWAY - YEAST):PWY-7559
1322	GLUTATHIONE-GLUTAREDOXIN REDOX REACTIONS:GLUT-REDOX-PWY
1323	GLUTATHIONE-MEDIATED DETOXIFICATION I:PWY-4061
1324	GLUTATHIONE-MEDIATED DETOXIFICATION II:PWY-6842
1325	GLUTATHIONE-PEROXIDE REDOX REACTIONS:PWY-4081
1326	GLUTATHIONYLSPERMIDINE BIOSYNTHESIS:PWY-4121
1327	GLYCEOLLIN BIOSYNTHESIS:PWY-2762
1328	GLYCEROL AND GLYCEROPHOSPHODIESTER DEGRADATION:PWY0-381
1329	GLYCEROL DEGRADATION I:PWY-4261
1330	GLYCEROL DEGRADATION II:PWY-6131
1331	GLYCEROL DEGRADATION III:PWY-6130
1332	GLYCEROL DEGRADATION TO BUTANOL:PWY-7003
1333	GLYCEROL DEGRADATION V:GLYCEROLMETAB-PWY
1334	GLYCEROL-3-PHOSPHATE SHUTTLE:PWY-6118
1335	GLYCEROL-3-PHOSPHATE TO CYTOCHROME BO OXIDASE ELECTRON TRANSFER:PWY0-1561
1336	GLYCEROL-3-PHOSPHATE TO FUMARATE ELECTRON TRANSFER:PWY0-1582
1337	GLYCEROL-3-PHOSPHATE TO HYDROGEN PEROXIDE ELECTRON TRANSPORT:PWY0-1591
1338	GLYCEROPHOSPHODIESTER DEGRADATION:PWY-6952
1339	GLYCINE BETAINE BIOSYNTHESIS I (GRAM-NEGATIVE BACTERIA):BETSYN-PWY
1340	GLYCINE BETAINE BIOSYNTHESIS II (GRAM-POSITIVE BACTERIA):PWY-3722
1341	GLYCINE BETAINE BIOSYNTHESIS III (PLANTS):PWY1F-353
1342	GLYCINE BETAINE BIOSYNTHESIS IV (FROM GLYCINE):P541-PWY
1343	GLYCINE BETAINE BIOSYNTHESIS V (FROM GLYCINE):PWY-6004
1344	GLYCINE BETAINE DEGRADATION I:PWY-3661
1345	GLYCINE BETAINE DEGRADATION II (MAMMALIAN):PWY-3661-1
1346	GLYCINE BETAINE DEGRADATION III:PWY-8108
1347	GLYCINE BIOSYNTHESIS I:GLYSYN-PWY
1348	GLYCINE BIOSYNTHESIS II:GLYCINE-SYN2-PWY
1349	GLYCINE BIOSYNTHESIS III:GLYSYN-ALA-PWY
1350	GLYCINE BIOSYNTHESIS IV:GLYSYN-THR-PWY
1351	GLYCINE CLEAVAGE:GLYCLEAV-PWY
1352	GLYCINE DEGRADATION (REDUCTIVE STICKLAND REACTION):PWY-8015
1353	GLYCINE LIPID BIOSYNTHESIS:PWY-8082
1354	GLYCOGEN BIOSYNTHESIS I (FROM ADP-D-GLUCOSE):GLYCOGENSYNTH-PWY
1355	GLYCOGEN BIOSYNTHESIS II (FROM UDP-D-GLUCOSE):PWY-5067
1356	GLYCOGEN BIOSYNTHESIS III (FROM ALPHA;-MALTOSE 1-PHOSPHATE):PWY-7900
1357	GLYCOGEN DEGRADATION I:GLYCOCAT-PWY
1358	GLYCOGEN DEGRADATION II:PWY-5941
1359	GLYCOGEN DEGRADATION III (VIA ANHYDROFRUCTOSE):PWY-7662
1360	GLYCOLATE AND GLYOXYLATE DEGRADATION I:GLYCOLATEMET-PWY
1361	GLYCOLATE AND GLYOXYLATE DEGRADATION II:GLYOXDEG-PWY
1362	GLYCOLATE AND GLYOXYLATE DEGRADATION III:PWY-6649
1363	GLYCOLATE DEGRADATION II:PWY-804
1364	GLYCOLIPID DESATURATION:PWY-782
1365	GLYCOLYSIS I (FROM GLUCOSE 6-PHOSPHATE):GLYCOLYSIS
1366	GLYCOLYSIS II (FROM FRUCTOSE 6-PHOSPHATE):PWY-5484
1367	GLYCOLYSIS III (FROM GLUCOSE):ANAGLYCOLYSIS-PWY
1368	GLYCOLYSIS IV:PWY-1042
1369	GLYCOLYSIS V (PYROCOCCUS):P341-PWY
1370	GLYCOSAMINOGLYCAN-PROTEIN LINKAGE REGION BIOSYNTHESIS:PWY-6557
1371	GLYCYRRHETINATE BIOSYNTHESIS:PWY-7066
1372	GLYOXYLATE ASSIMILATION:PWY-5744
1373	GLYOXYLATE CYCLE:GLYOXYLATE-BYPASS
1374	GLYPHOSATE DEGRADATION I:PWY-7804
1375	GLYPHOSATE DEGRADATION II:PWY-7806
1376	GLYPHOSATE DEGRADATION III:PWY-7807
1377	GONDOATE BIOSYNTHESIS (ANAEROBIC):PWY-7663
1378	GOSSYPETIN METABOLISM:PWY-7495
1379	GOSSYPOL BIOSYNTHESIS:PWY-5773
1380	GRAMICIDIN S BIOSYNTHESIS:PWY-6003
1381	GRAMINE BIOSYNTHESIS:PWY-5467
1382	GRISEOFULVIN BIOSYNTHESIS:PWY-7653
1383	GRIXAZONE BIOSYNTHESIS:PWY-7153
1384	GUADINOMINE B BIOSYNTHESIS:PWY-7693
1385	GUAIACOL BIOSYNTHESIS:PWY18C3-23
1386	GUAIACYLGLYCEROL-BETA;-GUAIACYL ETHER DEGRADATION:PWY-6341
1387	GUANINE AND GUANOSINE SALVAGE II:PWY-6599
1388	GUANINE AND GUANOSINE SALVAGE III:PWY-6618
1389	GUANINE AND GUANOSINE SALVAGE:PWY-6620
1390	GUANOSINE DEOXYRIBONUCLEOTIDES DE NOVO BIOSYNTHESIS I:PWY-7226
1391	GUANOSINE DEOXYRIBONUCLEOTIDES DE NOVO BIOSYNTHESIS II:PWY-7222
1392	GUANOSINE NUCLEOTIDES DEGRADATION I:PWY-6607
1393	GUANOSINE NUCLEOTIDES DEGRADATION II:PWY-6606
1394	GUANOSINE NUCLEOTIDES DEGRADATION III:PWY-6608
1395	GUANOSINE RIBONUCLEOTIDES DE NOVO BIOSYNTHESIS:PWY-7221
1396	GUANYLYL MOLYBDENUM COFACTOR BIOSYNTHESIS:PWY-5964
1397	HAPALINDOLE H BIOSYNTHESIS:PWY-7957
1398	HARZIANUM A AND TRICHODERMIN BIOSYNTHESIS:PWY-7714
1399	HELIOCIDES BIOSYNTHESIS:PWY-5827
1400	HEME A BIOSYNTHESIS:PWY-7856
1401	HEME B BIOSYNTHESIS I (AEROBIC):HEME-BIOSYNTHESIS-II
1402	HEME B BIOSYNTHESIS II (OXYGEN-INDEPENDENT):HEMESYN2-PWY
1403	HEME B BIOSYNTHESIS III (FROM SIROHEME):PWY-7552
1404	HEME B BIOSYNTHESIS IV (GRAM-POSITIVE BACTERIA):PWY-7766
1405	HEME B BIOSYNTHESIS V (AEROBIC):HEME-BIOSYNTHESIS-II-1
1406	HEME D1 BIOSYNTHESIS:PWY-7554
1407	HEME DEGRADATION I:PWY-5874
1408	HEME DEGRADATION II:PWY-7845
1409	HEME DEGRADATION III:PWY-7844
1410	HEME DEGRADATION IV:PWY-7843
1411	HEME DEGRADATION V:PWY-7846
1412	HEME DEGRADATION VI:PWY-7847
1413	HEME DEGRADATION VII:PWY-7848
1414	HEMOGLOBIN DEGRADATION:PWY-6423
1415	HENTRIACONTA-3,6,9,12,15,19,22,25,28-NONAENE BIOSYNTHESIS:PWY-7027
1416	HEPARAN SULFATE BIOSYNTHESIS (LATE STAGES):PWY-6558
1417	HEPARAN SULFATE BIOSYNTHESIS:PWY-6564
1418	HEPARAN SULFATE DEGRADATION:PWY-7651
1419	HEPARIN DEGRADATION:PWY-7644
1420	HEPTADECANE BIOSYNTHESIS:PWY-6622
1421	HEPTAPRENYL DIPHOSPHATE BIOSYNTHESIS:PWY-5807
1422	HESPERITIN GLYCOSIDE BIOSYNTHESIS:PWY-5105
1423	HETEROLACTIC FERMENTATION:P122-PWY
1424	HEXAPRENYL DIPHOSPHATE BIOSYNTHESIS:HEXPPSYN-PWY
1425	HEXITOL FERMENTATION TO LACTATE, FORMATE, ETHANOL AND ACETATE:P461-PWY
1426	HINOKININ BIOSYNTHESIS:PWY-7630
1427	HINOKIRESINOL BIOSYNTHESIS:PWY-7632
1428	HISPIDOL AND HISPIDOL 4'-O-BETA;-D-GLUCOSIDE BIOSYNTHESIS:PWY-6401
1429	HISTAMINE BIOSYNTHESIS:PWY-6173
1430	HISTAMINE DEGRADATION:PWY-6181
1431	HOLOMYCIN BIOSYNTHESIS:PWY-7690
1432	HOMOCARNOSINE BIOSYNTHESIS:PWY66-421
1433	HOMOCYSTEINE AND CYSTEINE INTERCONVERSION:PWY-801
1434	HOMOFURANEOL BIOSYNTHESIS:PWY-7910
1435	HOMOGALACTURONAN BIOSYNTHESIS:PWY-1061
1436	HOMOGALACTURONAN DEGRADATION:PWY-1081
1437	HOMOGLUTATHIONE BIOSYNTHESIS:PWY-6840
1438	HOMOLACTIC FERMENTATION:ANAEROFRUCAT-PWY
1439	HOMOPHYTOCHELATIN BIOSYNTHESIS:PWY-6841
1440	HOMOSPERMIDINE BIOSYNTHESIS I:PWY-5907
1441	HOMOSPERMIDINE BIOSYNTHESIS II:PWY-8149
1442	HOMOTAURINE DEGRADATION:PWY-6321
1443	HOPANOID BIOSYNTHESIS (BACTERIA):PWY-7072
1444	HORDATINE BIOSYNTHESIS:PWY-6448
1445	HYALURONAN DEGRADATION:PWY-7645
1446	HYDROGEN OXIDATION I (AEROBIC):P283-PWY
1447	HYDROGEN OXIDATION II (AEROBIC, NAD):PWY-5382
1448	HYDROGEN OXIDATION III (ANAEROBIC, NADP):PWY-6512
1449	HYDROGEN PRODUCTION I:PWY-6744
1450	HYDROGEN PRODUCTION II:PWY-6758
1451	HYDROGEN PRODUCTION III:PWY-6759
1452	HYDROGEN PRODUCTION IV:PWY-6765
1453	HYDROGEN PRODUCTION V:PWY-6772
1454	HYDROGEN PRODUCTION VI:PWY-6780
1455	HYDROGEN PRODUCTION VIII:PWY-6785
1456	HYDROGEN SULFIDE BIOSYNTHESIS II (MAMMALIAN):PWY66-426
1457	HYDROGEN TO DIMETHYL SULFOXIDE ELECTRON TRANSFER:PWY0-1577
1458	HYDROGEN TO FUMARATE ELECTRON TRANSFER:PWY0-1576
1459	HYDROGEN TO TRIMETHYLAMINE N-OXIDE ELECTRON TRANSFER:PWY0-1578
1460	HYDROXYCINNAMATE SUGAR ACID ESTER BIOSYNTHESIS:PWY-7461
1461	HYDROXYCINNAMIC ACID SEROTONIN AMIDES BIOSYNTHESIS:PWY-5473
1462	HYDROXYCINNAMIC ACID TYRAMINE AMIDES BIOSYNTHESIS:PWY-5474
1463	HYDROXYLATED FATTY ACID BIOSYNTHESIS (PLANTS):PWY-6433
1464	HYDROXYLATED MUGINEIC ACID PHYTOSIDEROPHORE BIOSYNTHESIS:PWY-5925
1465	HYDROXYMETHYLPYRIMIDINE SALVAGE:PWY-6910
1466	HYOSCYAMINE AND SCOPOLAMINE BIOSYNTHESIS:PWY-5317
1467	HYPERFORIN AND ADHYPERFORIN BIOSYNTHESIS:PWY-5808
1468	HYPERICIN BIOSYNTHESIS:PWY-5780
1469	HYPERXANTHONE E BIOSYNTHESIS:PWY-7169
1470	HYPOGLYCIN BIOSYNTHESIS:PWY-5826
1471	HYPOTAURINE DEGRADATION:PWY-7387
1472	HYPUSINE BIOSYNTHESIS:PWY-5905
1473	I ANTIGEN AND I ANTIGEN BIOSYNTHESIS:PWY-7837
1474	IBOTENATE AND MUSCIMOL BIOSYNTHESIS:PWY-8158
1475	ICOSAPENTAENOATE BIOSYNTHESIS I (LOWER EUKARYOTES):PWY-6958
1476	ICOSAPENTAENOATE BIOSYNTHESIS II (6-DESATURASE, MAMMALS):PWY-7049
1477	ICOSAPENTAENOATE BIOSYNTHESIS III (8-DESATURASE, MAMMALS):PWY-7724
1478	ICOSAPENTAENOATE BIOSYNTHESIS IV (BACTERIA):PWY-7050
1479	ICOSAPENTAENOATE BIOSYNTHESIS V (8-DESATURASE, LOWER EUKARYOTES):PWY-7602
1480	ICOSAPENTAENOATE BIOSYNTHESIS VI (FUNGI):PWY-6940
1481	IM-2 TYPE GAMMA;-BUTYROLACTONES BIOSYNTHESIS:PWY-7882
1482	INCOMPLETE REDUCTIVE TCA CYCLE:P42-PWY
1483	INDICAN BIOSYNTHESIS:PWY-6068
1484	INDIGO BIOSYNTHESIS:PWY-6069
1485	INDOLE DEGRADATION TO ANTHRANIL AND ANTHRANILATE:PWY-7430
1486	INDOLE GLUCOSINOLATE ACTIVATION (HERBIVORE ATTACK):PWYQT-4476
1487	INDOLE GLUCOSINOLATE ACTIVATION (INTACT PLANT CELL):PWYQT-4477
1488	INDOLE-3-ACETATE ACTIVATION I:PWY-1822
1489	INDOLE-3-ACETATE ACTIVATION II:PWY-1921
1490	INDOLE-3-ACETATE BIOSYNTHESIS I:PWYDQC-4
1491	INDOLE-3-ACETATE BIOSYNTHESIS II:PWY-581
1492	INDOLE-3-ACETATE BIOSYNTHESIS III (BACTERIA):PWY-3161
1493	INDOLE-3-ACETATE BIOSYNTHESIS IV (BACTERIA):PWY-5025
1494	INDOLE-3-ACETATE BIOSYNTHESIS V (BACTERIA AND FUNGI):PWY-5026
1495	INDOLE-3-ACETATE BIOSYNTHESIS VI (BACTERIA):TRPIAACAT-PWY
1496	INDOLE-3-ACETATE DEGRADATION I:PWY-2421
1497	INDOLE-3-ACETATE DEGRADATION II:PWY-8087
1498	INDOLE-3-ACETATE INACTIVATION I:PWY-1961
1499	INDOLE-3-ACETATE INACTIVATION II:PWY-1962
1500	INDOLE-3-ACETATE INACTIVATION III:PWY-1981
1501	INDOLE-3-ACETATE INACTIVATION IV:PWY-2021
1502	INDOLE-3-ACETATE INACTIVATION IX:PWY-1741
1503	INDOLE-3-ACETATE INACTIVATION V:PWY-5788
1504	INDOLE-3-ACETATE INACTIVATION VI:PWY-5797
1505	INDOLE-3-ACETATE INACTIVATION VII:PWY-5811
1506	INDOLE-3-ACETATE INACTIVATION VIII:PWY-5784
1507	INDOLE-3-ACETATE INACTIVATION VIII:PWY-6219
1508	INDOLMYCIN BIOSYNTHESIS:PWY-7770
1509	INOSINE 5'-PHOSPHATE DEGRADATION:PWY-5695
1510	INOSINE-5'-PHOSPHATE BIOSYNTHESIS I:PWY-6123
1511	INOSINE-5'-PHOSPHATE BIOSYNTHESIS II:PWY-6124
1512	INOSINE-5'-PHOSPHATE BIOSYNTHESIS III:PWY-7234
1513	INOSITOL DIPHOSPHATES BIOSYNTHESIS:PWY-6369
1514	IOTA;-CARRAGEENAN DEGRADATION:PWY-6822
1515	IPSDIENOL BIOSYNTHESIS:PWY-7410
1516	IRON REDUCTION AND ABSORPTION:PWY-5934
1517	IRON-SULFUR CLUSTER BIOSYNTHESIS:PWY-7250
1518	ISETHIONATE DEGRADATION:PWY-2601
1519	ISO-BILE ACIDS BIOSYNTHESIS I:PWY-7755
1520	ISO-BILE ACIDS BIOSYNTHESIS II:PWY-7756
1521	ISOFLAVONOID BIOSYNTHESIS I:PWY-2002
1522	ISOFLAVONOID BIOSYNTHESIS II:PWY-2083
1523	ISONIAZID ACTIVATION:PWY-7896
1524	ISOPENICILLIN N BIOSYNTHESIS:PWY-5629
1525	ISOPIMARIC ACID BIOSYNTHESIS:PWY-5422
1526	ISOPRENE BIOSYNTHESIS I:PWY-6270
1527	ISOPRENE BIOSYNTHESIS II (ENGINEERED):PWY-7391
1528	ISOPRENE DEGRADATION:PWY-7777
1529	ISOPROPANOL BIOSYNTHESIS (ENGINEERED):PWY-6876
1530	ISOPROPYLAMINE DEGRADATION:PWY-5736
1531	ISORENIERATENE BIOSYNTHESIS I (ACTINOBACTERIA):PWY-7938
1532	ISORENIERATENE BIOSYNTHESIS II (CHLOROBIACEAE):PWY-7941
1533	ISOVITEXIN GLYCOSIDES BIOSYNTHESIS:PWY-6024
1534	ITACONATE BIOSYNTHESIS I:PWY-5750
1535	ITACONATE BIOSYNTHESIS II:PWY-8018
1536	ITACONATE DEGRADATION:PWY-5749
1537	JADOMYCIN BIOSYNTHESIS:PWY-6679
1538	JASMONIC ACID BIOSYNTHESIS:PWY-735
1539	JASMONOYL-AMINO ACID CONJUGATES BIOSYNTHESIS I:PWY-6220
1540	JASMONOYL-AMINO ACID CONJUGATES BIOSYNTHESIS II:PWY-6233
1541	JASMONOYL-L-ISOLEUCINE INACTIVATION:PWY-7859
1542	JELLYFISH BIOLUMINESCENCE:PWY-7915
1543	JUGLONE BIOSYNTHESIS:PWY-5795
1544	JUGLONE DEGRADATION:PWY-7825
1545	JUNIPERONATE BIOSYNTHESIS:PWY-7619
1546	JUSTICIDIN B BIOSYNTHESIS:PWY-6824
1547	JUVENILE HORMONE III BIOSYNTHESIS I:PWY-6575
1548	JUVENILE HORMONE III BIOSYNTHESIS II:PWY-6650
1549	K-252 BIOSYNTHESIS:PWY-6345
1550	KAEMPFERIDE TRIGLYCOSIDE BIOSYNTHESIS:PWY-7166
1551	KAEMPFEROL DIGLYCOSIDE BIOSYNTHESIS (POLLEN-SPECIFIC):PWY-7191
1552	KAEMPFEROL GENTIOBIOSIDE BIOSYNTHESIS:PWY-7143
1553	KAEMPFEROL GLYCOSIDE BIOSYNTHESIS (ARABIDOPSIS):PWY-5320
1554	KAEMPFEROL TRIGLUCOSIDE BIOSYNTHESIS:PWY-5348
1555	KAINATE BIOSYNTHESIS:PWY-8080
1556	KANAMYCIN BIOSYNTHESIS:PWY-7000
1557	KANOSAMINE BIOSYNTHESIS I:PWY-5978
1558	KANOSAMINE BIOSYNTHESIS II:PWY8J2-22
1559	KAPPA;-CARRAGEENAN DEGRADATION:PWY-6821
1560	KAURALEXIN BIOSYNTHESIS:PWY-6887
1561	KAVAIN BIOSYNTHESIS:PWY-8103
1562	KDO TRANSFER TO LIPID IVA I (E. COLI):KDOSYN-PWY
1563	KDO TRANSFER TO LIPID IVA II (HAEMOPHILUS):PWY-7675
1564	KDO TRANSFER TO LIPID IVA III (CHLAMYDIA):PWY-6467
1565	KDO TRANSFER TO LIPID IVA IV (P. PUTIDA):PWY-8074
1566	KDO8N TRANSFER TO LIPID IVA:PWY-7676
1567	KETOGENESIS:PWY66-367
1568	KETOGLUCONATE METABOLISM:KETOGLUCONMET-PWY
1569	KETOLYSIS:PWY66-368
1570	KIEVITONE BIOSYNTHESIS:PWY-4681
1571	KIEVITONE DETOXIFICATION:PWY-7635
1572	KOJIBIOSE DEGRADATION:PWY-7459
1573	L-ALANINE BIOSYNTHESIS I:ALANINE-VALINESYN-PWY
1574	L-ALANINE BIOSYNTHESIS II:ALANINE-SYN2-PWY
1575	L-ALANINE BIOSYNTHESIS III:PWY0-1021
1576	L-ALANINE DEGRADATION I:ALADEG-PWY
1577	L-ALANINE DEGRADATION II (TO D-LACTATE):ALACAT2-PWY
1578	L-ALANINE DEGRADATION III:ALANINE-DEG3-PWY
1579	L-ALANINE DEGRADATION IV:PWY1-2
1580	L-ALANINE DEGRADATION V (OXIDATIVE STICKLAND REACTION):PWY-8189
1581	L-ALANINE DEGRADATION VI (REDUCTIVE STICKLAND REACTION):PWY-8188
1582	L-ARABINAN DEGRADATION:PWY-6790
1583	L-ARABINOSE DEGRADATION I:ARABCAT-PWY
1584	L-ARABINOSE DEGRADATION II:PWY-5515
1585	L-ARABINOSE DEGRADATION III:PWY-5517
1586	L-ARABINOSE DEGRADATION IV:PWY-7295
1587	L-ARGININE BIOSYNTHESIS I (VIA L-ORNITHINE):ARGSYN-PWY
1588	L-ARGININE BIOSYNTHESIS II (ACETYL CYCLE):ARGSYNBSUB-PWY
1589	L-ARGININE BIOSYNTHESIS III (VIA N-ACETYL-L-CITRULLINE):PWY-5154
1590	L-ARGININE BIOSYNTHESIS IV (ARCHAEBACTERIA):PWY-7400
1591	L-ARGININE DEGRADATION I (ARGINASE PATHWAY):ARGASEDEG-PWY
1592	L-ARGININE DEGRADATION II (AST PATHWAY):AST-PWY
1593	L-ARGININE DEGRADATION III (ARGININE DECARBOXYLASE/AGMATINASE PATHWAY):PWY0-823
1594	L-ARGININE DEGRADATION IV (ARGININE DECARBOXYLASE/AGMATINE DEIMINASE PATHWAY):ARGDEG-III-PWY
1595	L-ARGININE DEGRADATION IX (ARGININE:PYRUVATE TRANSAMINASE PATHWAY):PWY-5742
1596	L-ARGININE DEGRADATION V (ARGININE DEIMINASE PATHWAY):ARGDEGRAD-PWY
1597	L-ARGININE DEGRADATION VI (ARGINASE 2 PATHWAY):ARG-PRO-PWY
1598	L-ARGININE DEGRADATION VII (ARGINASE 3 PATHWAY):ARG-GLU-PWY
1599	L-ARGININE DEGRADATION VIII (ARGININE OXIDASE PATHWAY):ARGDEG-IV-PWY
1600	L-ARGININE DEGRADATION X (ARGININE MONOOXYGENASE PATHWAY):ARGDEG-V-PWY
1601	L-ARGININE DEGRADATION XI:PWY-5024
1602	L-ARGININE DEGRADATION XII:PWY-7523
1603	L-ARGININE DEGRADATION XIII (REDUCTIVE STICKLAND REACTION):PWY-8187
1604	L-ARGININE DEGRADATION XIV (OXIDATIVE STICKLAND REACTION):PWY-6344
1605	L-ASCORBATE BIOSYNTHESIS I (PLANTS, L-GALACTOSE PATHWAY):PWY-882
1606	L-ASCORBATE BIOSYNTHESIS II (PLANTS, L-GULOSE PATHWAY):PWY4FS-11
1607	L-ASCORBATE BIOSYNTHESIS III (D-SORBITOL PATHWAY):PWY-5521
1608	L-ASCORBATE BIOSYNTHESIS IV (ANIMALS, D-GLUCURONATE PATHWAY):PWY3DJ-35471
1609	L-ASCORBATE BIOSYNTHESIS V (EUGLENA, D-GALACTURONATE PATHWAY):PWY-6415
1610	L-ASCORBATE BIOSYNTHESIS VI (PLANTS, MYO-INOSITOL PATHWAY):PWY-8142
1611	L-ASCORBATE BIOSYNTHESIS VII (PLANTS, D-GALACTURONATE PATHWAY):PWY-8143
1612	L-ASCORBATE BIOSYNTHESIS VIII (ENGINEERED PATHWAY):PWY-7165
1613	L-ASCORBATE DEGRADATION I (BACTERIAL, ANAEROBIC):PWY0-301
1614	L-ASCORBATE DEGRADATION II (BACTERIAL, AEROBIC):PWY-6961
1615	L-ASCORBATE DEGRADATION III:PWY-6960
1616	L-ASCORBATE DEGRADATION IV:PWY-6704
1617	L-ASCORBATE DEGRADATION V:PWY-6959
1618	L-ASPARAGINE BIOSYNTHESIS I:ASPARAGINE-BIOSYNTHESIS
1619	L-ASPARAGINE BIOSYNTHESIS II:ASPARAGINESYN-PWY
1620	L-ASPARAGINE BIOSYNTHESIS III (TRNA-DEPENDENT):PWY490-4
1621	L-ASPARAGINE DEGRADATION I:ASPARAGINE-DEG1-PWY
1622	L-ASPARAGINE DEGRADATION II:PWY-4002
1623	L-ASPARAGINE DEGRADATION III (MAMMALIAN):ASPARAGINE-DEG1-PWY-1
1624	L-ASPARTATE BIOSYNTHESIS:ASPARTATESYN-PWY
1625	L-ASPARTATE DEGRADATION I:ASPARTATE-DEG1-PWY
1626	L-CARNITINE BIOSYNTHESIS:PWY-6100
1627	L-CARNITINE DEGRADATION I:CARNMET-PWY
1628	L-CARNITINE DEGRADATION II:PWY-3602
1629	L-CARNITINE DEGRADATION III:PWY-3641
1630	L-CITRULLINE BIOSYNTHESIS:CITRULBIO-PWY
1631	L-CITRULLINE DEGRADATION:CITRULLINE-DEG-PWY
1632	L-CYSTEINE BIOSYNTHESIS I:CYSTSYN-PWY
1633	L-CYSTEINE BIOSYNTHESIS II (TRNA-DEPENDENT):PWY-6308
1634	L-CYSTEINE BIOSYNTHESIS III (FROM L-HOMOCYSTEINE):HOMOCYSDEGR-PWY
1635	L-CYSTEINE BIOSYNTHESIS IX (TRICHOMONAS VAGINALIS):PWY-8010
1636	L-CYSTEINE BIOSYNTHESIS V (MYCOBACTERIA):PWY-7289
1637	L-CYSTEINE BIOSYNTHESIS VI (FROM L-METHIONINE):PWY-I9
1638	L-CYSTEINE BIOSYNTHESIS VII (FROM S-SULFO-L-CYSTEINE):PWY-7870
1639	L-CYSTEINE BIOSYNTHESIS VIII (THERMOCOCCUS KODAKARENSIS):PWY-8009
1640	L-CYSTEINE DEGRADATION I:CYSTEINE-DEG-PWY
1641	L-CYSTEINE DEGRADATION II:LCYSDEG-PWY
1642	L-CYSTEINE DEGRADATION III:PWY-5329
1643	L-DOPA AND L-DOPACHROME BIOSYNTHESIS:PWY-6481
1644	L-DOPA DEGRADATION I (MAMMALIAN):PWY-6334
1645	L-DOPA DEGRADATION II (BACTERIAL):PWY-8110
1646	L-GALACTONATE DEGRADATION:PWY0-1306
1647	L-GALACTOSE DEGRADATION:PWY-7568
1648	L-GLUCOSE DEGRADATION:PWY-7130
1649	L-GLUTAMATE AND L-GLUTAMINE BIOSYNTHESIS:PWY-5505
1650	L-GLUTAMATE BIOSYNTHESIS I:GLUTSYN-PWY
1651	L-GLUTAMATE BIOSYNTHESIS II:GLUTAMATE-SYN2-PWY
1652	L-GLUTAMATE BIOSYNTHESIS III:GLUTSYNIII-PWY
1653	L-GLUTAMATE BIOSYNTHESIS IV:GLUGLNSYN-PWY
1654	L-GLUTAMATE BIOSYNTHESIS V:PWY-4341
1655	L-GLUTAMATE DEGRADATION I:GLUTAMATE-DEG1-PWY
1656	L-GLUTAMATE DEGRADATION II:GLUTDEG-PWY
1657	L-GLUTAMATE DEGRADATION IV:PWY-4321
1658	L-GLUTAMATE DEGRADATION IX (VIA 4-AMINOBUTANOATE):PWY0-1305
1659	L-GLUTAMATE DEGRADATION V (VIA HYDROXYGLUTARATE):P162-PWY
1660	L-GLUTAMATE DEGRADATION VI (TO PYRUVATE):PWY-5087
1661	L-GLUTAMATE DEGRADATION VII (TO BUTANOATE):GLUDEG-II-PWY
1662	L-GLUTAMATE DEGRADATION VIII (TO PROPANOATE):PWY-5088
1663	L-GLUTAMATE DEGRADATION X:PWY-5766
1664	L-GLUTAMATE DEGRADATION XI (REDUCTIVE STICKLAND REACTION):PWY-8190
1665	L-GLUTAMINE BIOSYNTHESIS I:GLNSYN-PWY
1666	L-GLUTAMINE BIOSYNTHESIS III:PWY-6549
1667	L-GLUTAMINE DEGRADATION I:GLUTAMINDEG-PWY
1668	L-GLUTAMINE DEGRADATION II:GLUTAMINEFUM-PWY
1669	L-GULONATE DEGRADATION:PWY-7566
1670	L-HISTIDINE BIOSYNTHESIS:HISTSYN-PWY
1671	L-HISTIDINE DEGRADATION I:HISDEG-PWY
1672	L-HISTIDINE DEGRADATION II:PWY-5028
1673	L-HISTIDINE DEGRADATION III:PWY-5030
1674	L-HISTIDINE DEGRADATION IV:HISTDEG-PWY
1675	L-HISTIDINE DEGRADATION V:PWY-5031
1676	L-HISTIDINE DEGRADATION VI:HISHP-PWY
1677	L-HOMOCYSTEINE BIOSYNTHESIS:PWY-5344
1678	L-HOMOMETHIONINE BIOSYNTHESIS:PWY-1186
1679	L-HOMOPHENYLALANINE BIOSYNTHESIS:PWY-7275
1680	L-HOMOSERINE BIOSYNTHESIS:HOMOSERSYN-PWY
1681	L-IDONATE DEGRADATION:IDNCAT-PWY
1682	L-ISOLEUCINE BIOSYNTHESIS I (FROM THREONINE):ILEUSYN-PWY
1683	L-ISOLEUCINE BIOSYNTHESIS II:PWY-5101
1684	L-ISOLEUCINE BIOSYNTHESIS III:PWY-5103
1685	L-ISOLEUCINE BIOSYNTHESIS IV:PWY-5104
1686	L-ISOLEUCINE BIOSYNTHESIS V:PWY-5108
1687	L-ISOLEUCINE DEGRADATION I:ILEUDEG-PWY
1688	L-ISOLEUCINE DEGRADATION II:PWY-5078
1689	L-ISOLEUCINE DEGRADATION III (OXIDATIVE STICKLAND REACTION):PWY-8184
1690	L-LACTALDEHYDE DEGRADATION (AEROBIC):PWY0-1317
1691	L-LACTALDEHYDE DEGRADATION (ANAEROBIC):PWY0-1315
1692	L-LEUCINE BIOSYNTHESIS:LEUSYN-PWY
1693	L-LEUCINE DEGRADATION I:LEU-DEG2-PWY
1694	L-LEUCINE DEGRADATION II:PWY-5075
1695	L-LEUCINE DEGRADATION III:PWY-5076
1696	L-LEUCINE DEGRADATION IV (REDUCTIVE STICKLAND REACTION):PWY-7767
1697	L-LEUCINE DEGRADATION V (OXIDATIVE STICKLAND REACTION):PWY-8185
1698	L-LYSINE BIOSYNTHESIS I:DAPLYSINESYN-PWY
1699	L-LYSINE BIOSYNTHESIS II:PWY-2941
1700	L-LYSINE BIOSYNTHESIS III:PWY-2942
1701	L-LYSINE BIOSYNTHESIS IV:LYSINE-AMINOAD-PWY
1702	L-LYSINE BIOSYNTHESIS V:PWY-3081
1703	L-LYSINE BIOSYNTHESIS VI:PWY-5097
1704	L-LYSINE DEGRADATION I:PWY0-461
1705	L-LYSINE DEGRADATION II (L-PIPECOLATE PATHWAY):PWY66-425
1706	L-LYSINE DEGRADATION III:LYSDEGII-PWY
1707	L-LYSINE DEGRADATION IV:PWY-5280
1708	L-LYSINE DEGRADATION IX:PWY-5324
1709	L-LYSINE DEGRADATION V:PWY-5283
1710	L-LYSINE DEGRADATION VI:PWY-5298
1711	L-LYSINE DEGRADATION VII:PWY-5311
1712	L-LYSINE DEGRADATION VIII:PWY-5314
1713	L-LYSINE DEGRADATION X:PWY-6328
1714	L-LYSINE DEGRADATION XI (MAMMALIAN):LYSINE-DEG1-PWY
1715	L-LYSINE FERMENTATION TO ACETATE AND BUTANOATE:P163-PWY
1716	L-LYXONATE DEGRADATION:PWY-7516
1717	L-LYXOSE DEGRADATION:LYXMET-PWY
1718	L-MALATE DEGRADATION I:PWY-7685
1719	L-MALATE DEGRADATION II:PWY-7686
1720	L-METHIONINE BIOSYNTHESIS I:HOMOSER-METSYN-PWY
1721	L-METHIONINE BIOSYNTHESIS II:PWY-702
1722	L-METHIONINE BIOSYNTHESIS III:HSERMETANA-PWY
1723	L-METHIONINE BIOSYNTHESIS IV:PWY-7977
1724	L-METHIONINE DEGRADATION I (TO L-HOMOCYSTEINE):METHIONINE-DEG1-PWY
1725	L-METHIONINE DEGRADATION II:PWY-701
1726	L-METHIONINE DEGRADATION III:PWY-5082
1727	L-METHIONINE SALVAGE CYCLE I (BACTERIA AND PLANTS):PWY-7528
1728	L-METHIONINE SALVAGE CYCLE II (PLANTS):PWY-7270
1729	L-METHIONINE SALVAGE CYCLE III:PWY-7527
1730	L-METHIONINE SALVAGE FROM L-HOMOCYSTEINE:ADENOSYLHOMOCYSCAT-PWY
1731	L-NDELTA;-ACETYLORNITHINE BIOSYNTHESIS:PWY-6922
1732	L-NICOTIANAMINE BIOSYNTHESIS:PWY-5957
1733	L-ORNITHINE BIOSYNTHESIS I:GLUTORN-PWY
1734	L-ORNITHINE BIOSYNTHESIS II:ARGININE-SYN4-PWY
1735	L-ORNITHINE DEGRADATION I (L-PROLINE BIOSYNTHESIS):ORN-AMINOPENTANOATE-CAT-PWY
1736	L-PHENYLALANINE BIOSYNTHESIS I:PHESYN
1737	L-PHENYLALANINE BIOSYNTHESIS II:PWY-3462
1738	L-PHENYLALANINE BIOSYNTHESIS III (CYTOSOLIC, PLANTS):PWY-7432
1739	L-PHENYLALANINE DEGRADATION I (AEROBIC):PHENYLALANINE-DEG1-PWY
1740	L-PHENYLALANINE DEGRADATION II (ANAEROBIC):ANAPHENOXI-PWY
1741	L-PHENYLALANINE DEGRADATION III:PWY-5079
1742	L-PHENYLALANINE DEGRADATION IV (MAMMALIAN, VIA SIDE CHAIN):PWY-6318
1743	L-PHENYLALANINE DEGRADATION V:PWY-7158
1744	L-PHENYLALANINE DEGRADATION VI (REDUCTIVE STICKLAND REACTION):PWY-8014
1745	L-PROLINE BIOSYNTHESIS I (FROM L-GLUTAMATE):PROSYN-PWY
1746	L-PROLINE BIOSYNTHESIS II (FROM ARGININE):PWY-4981
1747	L-PROLINE BIOSYNTHESIS III (FROM L-ORNITHINE):PWY-3341
1748	L-PROLINE BIOSYNTHESIS IV:PWY-4281
1749	L-PROLINE DEGRADATION I:PROUT-PWY
1750	L-PROLINE DEGRADATION II (REDUCTIVE STICKLAND REACTION):PWY-8186
1751	L-PYRROLYSINE BIOSYNTHESIS:PWY-6994
1752	L-RHAMNOSE DEGRADATION I:RHAMCAT-PWY
1753	L-RHAMNOSE DEGRADATION II:PWY-6713
1754	L-RHAMNOSE DEGRADATION III:PWY-6714
1755	L-SELENOCYSTEINE BIOSYNTHESIS I (BACTERIA):PWY0-901
1756	L-SELENOCYSTEINE BIOSYNTHESIS II (ARCHAEA AND EUKARYOTES):PWY-6281
1757	L-SERINE BIOSYNTHESIS I:SERSYN-PWY
1758	L-SERINE BIOSYNTHESIS II:PWY-8011
1759	L-SERINE DEGRADATION:SERDEG-PWY
1760	L-SORBOSE DEGRADATION:P302-PWY
1761	L-THREITOL DEGRADATION:PWY-7787
1762	L-THREONATE DEGRADATION:PWY-7874
1763	L-THREONINE BIOSYNTHESIS:HOMOSER-THRESYN-PWY
1764	L-THREONINE DEGRADATION I:PWY-5437
1765	L-THREONINE DEGRADATION II:THREONINE-DEG2-PWY
1766	L-THREONINE DEGRADATION III (TO METHYLGLYOXAL):THRDLCTCAT-PWY
1767	L-THREONINE DEGRADATION IV:PWY-5436
1768	L-THREONINE DEGRADATION V:PWY66-428
1769	L-TRYPTOPHAN BIOSYNTHESIS:TRPSYN-PWY
1770	L-TRYPTOPHAN DEGRADATION I (VIA ANTHRANILATE):TRPCAT-PWY
1771	L-TRYPTOPHAN DEGRADATION II (VIA PYRUVATE):TRYPDEG-PWY
1772	L-TRYPTOPHAN DEGRADATION III (EUKARYOTIC):TRYPTOPHAN-DEGRADATION-1
1773	L-TRYPTOPHAN DEGRADATION IV (VIA INDOLE-3-LACTATE):TRPKYNCAT-PWY
1774	L-TRYPTOPHAN DEGRADATION IX:PWY-5655
1775	L-TRYPTOPHAN DEGRADATION TO 2-AMINO-3-CARBOXYMUCONATE SEMIALDEHYDE:PWY-5651
1776	L-TRYPTOPHAN DEGRADATION V (SIDE CHAIN PATHWAY):PWY-3162
1777	L-TRYPTOPHAN DEGRADATION VI (VIA TRYPTAMINE):PWY-3181
1778	L-TRYPTOPHAN DEGRADATION VIII (TO TRYPTOPHOL):PWY-5081
1779	L-TRYPTOPHAN DEGRADATION X (MAMMALIAN, VIA TRYPTAMINE):PWY-6307
1780	L-TRYPTOPHAN DEGRADATION XI (MAMMALIAN, VIA KYNURENINE):PWY-6309
1781	L-TRYPTOPHAN DEGRADATION XII (GEOBACILLUS):PWY-6505
1782	L-TRYPTOPHAN DEGRADATION XIII (REDUCTIVE STICKLAND REACTION):PWY-8017
1783	L-TYROSINE BIOSYNTHESIS I:TYRSYN
1784	L-TYROSINE BIOSYNTHESIS II:PWY-3461
1785	L-TYROSINE BIOSYNTHESIS III:PWY-6120
1786	L-TYROSINE BIOSYNTHESIS IV:PWY-6134
1787	L-TYROSINE DEGRADATION I:TYRFUMCAT-PWY
1788	L-TYROSINE DEGRADATION II:PWY-5151
1789	L-TYROSINE DEGRADATION III:PWY3O-4108
1790	L-TYROSINE DEGRADATION IV (TO 4-METHYLPHENOL):PWY-7514
1791	L-TYROSINE DEGRADATION V (REDUCTIVE STICKLAND REACTION):PWY-8016
1792	L-VALINE BIOSYNTHESIS:VALSYN-PWY
1793	L-VALINE DEGRADATION I:VALDEG-PWY
1794	L-VALINE DEGRADATION II:PWY-5057
1795	L-VALINE DEGRADATION III (OXIDATIVE STICKLAND REACTION):PWY-8183
1796	LABDANE-TYPE DITERPENES BIOSYNTHESIS:PWY-6645
1797	LABDENEDIOL AND SCLAREOL BIOSYNTHESIS:PWY18C3-18
1798	LACINILENE C BIOSYNTHESIS:PWY-5828
1799	LACTATE BIOSYNTHESIS (ARCHAEA):PWY-5197
1800	LACTO-SERIES GLYCOSPHINGOLIPIDS BIOSYNTHESIS:PWY-7839
1801	LACTOSE AND GALACTOSE DEGRADATION I:LACTOSECAT-PWY
1802	LACTOSE DEGRADATION II:LACTOSEUTIL-PWY
1803	LACTOSE DEGRADATION III:BGALACT-PWY
1804	LACTUCAXANTHIN BIOSYNTHESIS:PWY-5175
1805	LAMBDA;-CARRAGEENAN DEGRADATION:PWY-6817
1806	LAMINARIBIOSE DEGRADATION:PWY-6778
1807	LAMPRANTHIN BIOSYNTHESIS:PWY-7265
1808	LANOSTEROL BIOSYNTHESIS:PWY-6132
1809	LATHYRINE BIOSYNTHESIS:PWY-1
1810	LAURYL-HYDROXYCHLOROBACTENE GLUCOSIDE BIOSYNTHESIS:PWY-7940
1811	LAWSONE BIOSYNTHESIS:PWY-5801
1812	LEUCINE-DERIVED HYDROXYNITRILE GLUCOSIDE BIOSYNTHESIS:PWY-8081
1813	LEUCODELPHINIDIN BIOSYNTHESIS:PWY-5152
1814	LEUCOPELARGONIDIN AND LEUCOCYANIDIN BIOSYNTHESIS:PWY1F-823
1815	LEUKOTRIENE BIOSYNTHESIS:PWY66-375
1816	LEVOPIMARIC ACID BIOSYNTHESIS:PWY-5412
1817	LIMONENE DEGRADATION I (D-LIMONENE):PWY-5923
1818	LIMONENE DEGRADATION II (L-LIMONENE):PWY-5924
1819	LIMONENE DEGRADATION III (TO PERILLATE):PWY-6526
1820	LIMONENE DEGRADATION IV (ANAEROBIC):PWY-8029
1821	LINALOOL BIOSYNTHESIS I:PWY-7182
1822	LINAMARIN BIOSYNTHESIS:PWY-3022
1823	LINAMARIN DEGRADATION:PWY-3121
1824	LINCOMYCIN A BIOSYNTHESIS:PWY-6955
1825	LINEAR FURANOCOUMARIN BIOSYNTHESIS:PWY-5365
1826	LINEZOLID RESISTANCE:PWY-6828
1827	LINOLEATE BIOSYNTHESIS I (PLANTS):PWY-5995
1828	LINOLEATE BIOSYNTHESIS II (ANIMALS):PWY-6001
1829	LINOLEATE BIOSYNTHESIS III (CYANOBACTERIA):PWY-7593
1830	LINURON DEGRADATION:PWY-7496
1831	LINUSTATIN BIOACTIVATION:PWY-7091
1832	LIPID A-CORE BIOSYNTHESIS (E. COLI K-12):LIPA-CORESYN-PWY
1833	LIPID IVA BIOSYNTHESIS (E. COLI):NAGLIPASYN-PWY
1834	LIPID IVA BIOSYNTHESIS (P. PUTIDA):PWY-8073
1835	LIPOATE BIOSYNTHESIS AND INCORPORATION I:PWY0-501
1836	LIPOATE BIOSYNTHESIS AND INCORPORATION II:PWY0-1275
1837	LIPOATE BIOSYNTHESIS AND INCORPORATION III (BACILLUS):PWY-6987
1838	LIPOATE BIOSYNTHESIS AND INCORPORATION IV (YEAST):PWY-7382
1839	LIPOATE SALVAGE I:PWY0-522
1840	LIPOATE SALVAGE II:PWY-6984
1841	LIPOPROTEIN POSTTRANSLATIONAL MODIFICATION:PWY-7884
1842	LIPOXIN BIOSYNTHESIS:PWY66-392
1843	LOLITREM B BIOSYNTHESIS:PWY-7572
1844	LONG CHAIN FATTY ACID ESTER SYNTHESIS (ENGINEERED):PWY-6873
1845	LONG-CHAIN FATTY ACID ACTIVATION:PWY-5143
1846	LONG-CHAIN POLYAMINE BIOSYNTHESIS:PWY-8115
1847	LOTAUSTRALIN BIOSYNTHESIS:PWY-5990
1848	LOTAUSTRALIN DEGRADATION:PWY-6002
1849	LOVASTATIN BIOSYNTHESIS:PWY-7535
1850	LUPANINE BIOSYNTHESIS:PWY-5468
1851	LUPEOL BIOSYNTHESIS:PWY-112
1852	LUPINATE BIOSYNTHESIS:PWY-5967
1853	LUPULONE AND HUMULONE BIOSYNTHESIS:PWY-5132
1854	LUTEIN BIOSYNTHESIS:PWY-5947
1855	LUTEOLIN BIOSYNTHESIS:PWY-5060
1856	LUTEOLIN GLYCOSIDES BIOSYNTHESIS:PWY-6239
1857	LUTEOLIN TRIGLUCURONIDE BIOSYNTHESIS:PWY-7444
1858	LUTEOLIN TRIGLUCURONIDE DEGRADATION:PWY-7445
1859	LUTEOLINIDIN 5-O-GLUCOSIDE BIOSYNTHESIS:PWY-7252
1860	LYCHNOSE AND ISOLYCHNOSE BIOSYNTHESIS:PWY-6524
1861	LYCOPADIENE BIOSYNTHESIS:PWY-7943
1862	LYNGBYATOXIN BIOSYNTHESIS:PWY-7708
1863	M-CRESOL DEGRADATION:M-CRESOL-DEGRADATION-PWY
1864	M-XYLENE DEGRADATION (ANAEROBIC):PWY-142
1865	MAACKIAIN CONJUGATES INTERCONVERSION:PWY-2701
1866	MAGNOFLORINE BIOSYNTHESIS:PWY-5876
1867	MALATE/L-ASPARTATE SHUTTLE PATHWAY:MALATE-ASPARTATE-SHUTTLE-PWY
1868	MALONATE DECARBOXYLASE ACTIVATION:PWY-5796
1869	MALONATE DEGRADATION I (BIOTIN-INDEPENDENT):PWY-5794
1870	MALONATE DEGRADATION II (BIOTIN-DEPENDENT):PWY-6060
1871	MALTOSE DEGRADATION:MALTOSECAT-PWY
1872	MANDELATE DEGRADATION I:PWY-1501
1873	MANDELATE DEGRADATION TO ACETYL-COA:PWY-6957
1874	MANGANESE OXIDATION I:PWY-6591
1875	MANGANESE OXIDATION II:PWY-6592
1876	MANGROVE TRITERPENOID BIOSYNTHESIS:PWY-6109
1877	MANNITOL BIOSYNTHESIS:PWY-3881
1878	MANNITOL CYCLE:PWY-6531
1879	MANNITOL DEGRADATION I:MANNIDEG-PWY
1880	MANNITOL DEGRADATION II:PWY-3861
1881	MANNOJIRIMYCIN BIOSYNTHESIS:PWY-7531
1882	MANNOSYLFRUCTOSE BIOSYNTHESIS:PWY-6116
1883	MANNOSYLGLUCOSYLGLYCERATE BIOSYNTHESIS I:PWY-6686
1884	MANNOSYLGLUCOSYLGLYCERATE BIOSYNTHESIS II:PWY-6687
1885	MANNOSYLGLYCERATE BIOSYNTHESIS I:PWY-5656
1886	MANNOSYLGLYCERATE BIOSYNTHESIS II:PWY-5658
1887	MARNERAL BIOSYNTHESIS:PWY-6005
1888	MATAIRESINOL BIOSYNTHESIS:PWY-5466
1889	MAYSIN BIOSYNTHESIS:PWY-5793
1890	MEDICARPIN CONJUGATES INTERCONVERSION:PWY-2561
1891	MEGALOMICIN A BIOSYNTHESIS:PWY-7109
1892	MELAMINE DEGRADATION:PWY-5170
1893	MELATONIN DEGRADATION I:PWY-6398
1894	MELATONIN DEGRADATION II:PWY-6399
1895	MELATONIN DEGRADATION III:PWY-6400
1896	MELEAGRIN BIOSYNTHESIS:PWY-7607
1897	MELIBIOSE DEGRADATION:PWY0-1301
1898	MENAQUINOL-10 BIOSYNTHESIS:PWY-5890
1899	MENAQUINOL-11 BIOSYNTHESIS:PWY-5891
1900	MENAQUINOL-12 BIOSYNTHESIS:PWY-5892
1901	MENAQUINOL-13 BIOSYNTHESIS:PWY-5895
1902	MENAQUINOL-4 BIOSYNTHESIS I:PWY-7996
1903	MENAQUINOL-4 BIOSYNTHESIS II:PWY-7998
1904	MENAQUINOL-6 BIOSYNTHESIS:PWY-5849
1905	MENAQUINOL-7 BIOSYNTHESIS:PWY-5839
1906	MENAQUINOL-8 BIOSYNTHESIS:MENAQUINONESYN-PWY
1907	MENAQUINOL-9 BIOSYNTHESIS:PWY-5844
1908	MENTHOL BIOSYNTHESIS:PWY-3061
1909	MERCAPTOSUCCINATE DEGRADATION:PWY-7582
1910	MESO-BUTANEDIOL BIOSYNTHESIS I:PWY-6391
1911	MESO-BUTANEDIOL BIOSYNTHESIS II:PWY-6392
1912	META CLEAVAGE PATHWAY OF AROMATIC COMPOUNDS:PWY-5430
1913	METHANE OXIDATION TO METHANOL I:PWY-1641
1914	METHANE OXIDATION TO METHANOL II:PWY-6742
1915	METHANESULFONATE DEGRADATION:PWY-6044
1916	METHANOBACTERIUM THERMOAUTOTROPHICUM BIOSYNTHETIC METABOLISM:PWY-6146
1917	METHANOFURAN BIOSYNTHESIS:PWY-5254
1918	METHANOGENESIS FROM ACETATE:METH-ACETATE-PWY
1919	METHANOGENESIS FROM DIMETHYLAMINE:PWY-5248
1920	METHANOGENESIS FROM DIMETHYLSULFIDE:PWY-5258
1921	METHANOGENESIS FROM GLYCINE BETAINE:PWY-8107
1922	METHANOGENESIS FROM H2 AND CO2:METHANOGENESIS-PWY
1923	METHANOGENESIS FROM METHANETHIOL:PWY-5259
1924	METHANOGENESIS FROM METHANOL:CO2FORM-PWY
1925	METHANOGENESIS FROM METHYLAMINE:PWY-5247
1926	METHANOGENESIS FROM METHYLTHIOPROPANOATE:PWY-5260
1927	METHANOGENESIS FROM TETRAMETHYLAMMONIUM:PWY-5261
1928	METHANOGENESIS FROM TRIMETHYLAMINE:PWY-5250
1929	METHANOL AND METHYLAMINE OXIDATION TO FORMALDEHYDE:PWY-1701
1930	METHANOL OXIDATION TO CARBON DIOXIDE:PWY-7616
1931	METHANOL OXIDATION TO FORMALDEHYDE I:PWY-6966
1932	METHANOL OXIDATION TO FORMALDEHYDE II:PWY-6510
1933	METHANOL OXIDATION TO FORMALDEHYDE III:PWY-6509
1934	METHANOL OXIDATION TO FORMALDEHYDE IV:PWY-5506
1935	METHIIN METABOLISM:PWY-7614
1936	METHYL INDOLE-3-ACETATE INTERCONVERSION:PWY-6303
1937	METHYL KETONE BIOSYNTHESIS (ENGINEERED):PWY-7007
1938	METHYL PARATHION DEGRADATION:PWY-5489
1939	METHYL PHOMOPSENOATE BIOSYNTHESIS:PWY-7721
1940	METHYL TERT-BUTYL ETHER DEGRADATION:PWY-7779
1941	METHYL-COENZYME M OXIDATION TO CO2:PWY-5209
1942	METHYL-COENZYME M REDUCTION TO METHANE:METHFORM-PWY
1943	METHYLAMINE DEGRADATION I:PWY-6967
1944	METHYLAMINE DEGRADATION II:PWY-6965
1945	METHYLASPARTATE CYCLE:PWY-6728
1946	METHYLBUTENOL BIOSYNTHESIS:PWY-6913
1947	METHYLERYTHRITOL PHOSPHATE PATHWAY I:NONMEVIPP-PWY
1948	METHYLERYTHRITOL PHOSPHATE PATHWAY II:PWY-7560
1949	METHYLGALLATE DEGRADATION:METHYLGALLATE-DEGRADATION-PWY
1950	METHYLGLYOXAL DEGRADATION I:PWY-5386
1951	METHYLGLYOXAL DEGRADATION II:PWY-5462
1952	METHYLGLYOXAL DEGRADATION III:PWY-5453
1953	METHYLGLYOXAL DEGRADATION IV:PWY-5459
1954	METHYLGLYOXAL DEGRADATION V:PWY-5458
1955	METHYLGLYOXAL DEGRADATION VI:MGLDLCTANA-PWY
1956	METHYLGLYOXAL DEGRADATION VII:PWY-5456
1957	METHYLHALIDES BIOSYNTHESIS (PLANTS):PWY-6730
1958	METHYLPHOSPHONATE BIOSYNTHESIS:PWY-8067
1959	METHYLPHOSPHONATE DEGRADATION I:PWY0-1533
1960	METHYLPHOSPHONATE DEGRADATION II:PWY-7399
1961	METHYLPHOSPHONATE DEGRADATION III:PWY-8066
1962	METHYLQUERCETIN BIOSYNTHESIS:PWY-6064
1963	METHYLSALICYLATE BIOSYNTHESIS:PWY18C3-22
1964	METHYLSALICYLATE DEGRADATION:PWY-6184
1965	METHYLSALICYLATE DEGRADATION:PWY18C3-24
1966	METHYLTHIOPROPANOATE DEGRADATION I (CLEAVAGE):PWY-6048
1967	METHYLTHIOPROPANONATE DEGRADATION II (DEMETHYLATION):PWY-6045
1968	METHYLWYOSINE BIOSYNTHESIS:PWY-7285
1969	METHYMYCIN, NEOMETHYMYCIN AND NOVAMETHYMYCIN BIOSYNTHESIS:PWY-7422
1970	MEVALONATE DEGRADATION:PWY-5074
1971	MEVALONATE PATHWAY I (EUKARYOTES AND BACTERIA):PWY-922
1972	MEVALONATE PATHWAY II (HALOARCHAEA):PWY-6174
1973	MEVALONATE PATHWAY III (THERMOPLASMA):PWY-7524
1974	MEVALONATE PATHWAY IV (ARCHAEA):PWY-8125
1975	MICROCIN B17 BIOSYNTHESIS:PWY-8119
1976	MIMOSINE BIOSYNTHESIS:PWY-4985
1977	MINERALOCORTICOID BIOSYNTHESIS:PWY66-382
1978	MITHRAMYCIN BIOSYNTHESIS:PWY-7045
1979	MITOCHONDRIAL L-CARNITINE SHUTTLE:PWY-6111
1980	MITOCHONDRIAL NADPH PRODUCTION (YEAST):PWY-7269
1981	MITOMYCIN BIOSYNTHESIS:PWY-8039
1982	MIXED ACID FERMENTATION:FERMENTATION-PWY
1983	MOLYBDENUM COFACTOR BIOSYNTHESIS:PWY-8171
1984	MOLYBDENUM COFACTOR SULFULYLATION (EUKARYOTES):PWY-5963
1985	MOLYBDOPTERIN BIOSYNTHESIS:PWY-6823
1986	MOMILACTONE A BIOSYNTHESIS:PWY-7477
1987	MONO-TRANS, POLY-CIS DECAPRENYL PHOSPHATE BIOSYNTHESIS:PWY-6383
1988	MONOACYLGLYCEROL METABOLISM (YEAST):PWY-7420
1989	MONOACYLSUCROSE BIOSYNTHESIS (SOLANUM):PWY18C3-8
1990	MONOLIGNOL GLUCOSIDES BIOSYNTHESIS:PWY-83
1991	MONOTERPENE BIOSYNTHESIS:PWY-3041
1992	MORPHINE BIOSYNTHESIS:PWY-5270
1993	MRNA CAPPING I:PWY-7375
1994	MRNA CAPPING II:PWY-7379
1995	MUCIN CORE 1 AND CORE 2 O-GLYCOSYLATION:PWY-7433
1996	MUCIN CORE 3 AND CORE 4 O-GLYCOSYLATION:PWY-7435
1997	MUPIROCIN BIOSYNTHESIS:PWY-8012
1998	MUROPEPTIDE DEGRADATION:PWY0-1546
1999	MYCINAMICIN BIOSYNTHESIS:PWY-7412
2000	MYCOBACTERIAL SULFOLIPID BIOSYNTHESIS:PWY-7746
2001	MYCOCYCLOSIN BIOSYNTHESIS:PWY-7236
2002	MYCOFACTOCIN BIOSYNTHESIS:PWY-8122
2003	MYCOLATE BIOSYNTHESIS:PWYG-321
2004	MYCOLYL-ARABINOGALACTAN-PEPTIDOGLYCAN COMPLEX BIOSYNTHESIS:PWY-6397
2005	MYCOTHIOL BIOSYNTHESIS:PWY1G-0
2006	MYCOTHIOL OXIDATION:PWY1G-126
2007	MYCOTHIOL-MEDIATED DETOXIFICATION:PWY1G-1
2008	MYO-, CHIRO- AND SCYLLO-INOSITOL DEGRADATION:PWY-7237
2009	MYO-INOSITOL BIOSYNTHESIS:PWY-2301
2010	MYO-INOSITOL DEGRADATION I:P562-PWY
2011	MYO-INOSITOL DEGRADATION II:PWY-7241
2012	MYRICETIN GENTIOBIOSIDE BIOSYNTHESIS:PWY-7140
2013	MYRISTATE BIOSYNTHESIS (MITOCHONDRIA):PWY66-430
2014	MYXOL-2' FUCOSIDE BIOSYNTHESIS:PWY-6279
2015	N-3-OXALYL-L-2,3-DIAMINOPROPANOATE BIOSYNTHESIS:PWY-8071
2016	N-ACETYL-D-GALACTOSAMINE DEGRADATION:PWY-7077
2017	N-ACETYLGLUCOSAMINE DEGRADATION I:GLUAMCAT-PWY
2018	N-ACETYLGLUCOSAMINE DEGRADATION II:PWY-6517
2019	N-ACETYLGLUTAMINYLGLUTAMINE AMIDE BIOSYNTHESIS:PWY-7054
2020	N-ACETYLNEURAMINATE AND N-ACETYLMANNOSAMINE DEGRADATION I:PWY0-1324
2021	N-ACETYLNEURAMINATE AND N-ACETYLMANNOSAMINE DEGRADATION II:PWY-7581
2022	N-CYCLOPROPYLMELAMINE DEGRADATION:PWY-5171
2023	N-END RULE PATHWAY I (PROKARYOTIC):PWY-7801
2024	N-END RULE PATHWAY II (PROKARYOTIC):PWY-7802
2025	N-GLUCOSYLNICOTINATE METABOLISM:PWY-5388
2026	N-HYDROXY-L-PIPECOLATE BIOSYNTHESIS:PWY-7861
2027	N-METHYL-&DELTA;1-PYRROLINIUM CATION BIOSYNTHESIS:PWY-5315
2028	N-METHYLANTHRANILOYL-BETA;-D-GLUCOPYRANOSE BIOSYNTHESIS:PWY-7463
2029	N-METHYLPYRROLIDONE DEGRADATION:PWY-7978
2030	N6-L-THREONYLCARBAMOYLADENOSINE37-MODIFIED TRNA BIOSYNTHESIS:PWY0-1587
2031	NAD BIOSYNTHESIS FROM 2-AMINO-3-CARBOXYMUCONATE SEMIALDEHYDE:PWY-5653
2032	NAD BIOSYNTHESIS III (FROM NICOTINAMIDE):NAD-BIOSYNTHESIS-III
2033	NAD DE NOVO BIOSYNTHESIS I (FROM ASPARTATE):PYRIDNUCSYN-PWY
2034	NAD DE NOVO BIOSYNTHESIS II (FROM TRYPTOPHAN):NADSYN-PWY
2035	NAD PHOSPHORYLATION AND DEPHOSPHORYLATION:NADPHOS-DEPHOS-PWY
2036	NAD PHOSPHORYLATION AND TRANSHYDROGENATION:NADPHOS-DEPHOS-PWY-1
2037	NAD SALVAGE (PLANTS):PWY-5381
2038	NAD SALVAGE PATHWAY I (PNC VI CYCLE):PYRIDNUCSAL-PWY
2039	NAD SALVAGE PATHWAY II (PNC IV CYCLE):PWY-7761
2040	NAD SALVAGE PATHWAY III (TO NICOTINAMIDE RIBOSIDE):NAD-BIOSYNTHESIS-II
2041	NAD SALVAGE PATHWAY IV (FROM NICOTINAMIDE RIBOSIDE):PWY3O-4106
2042	NAD SALVAGE PATHWAY V (PNC V CYCLE):PWY3O-4107
2043	NAD(P)/NADPH INTERCONVERSION:PWY-5083
2044	NADH REPAIR (EUKARYOTES):PWY-6938
2045	NADH REPAIR (PROKARYOTES):PWY-6938-1
2046	NADH TO CYTOCHROME BD OXIDASE ELECTRON TRANSFER I:PWY0-1334
2047	NADH TO CYTOCHROME BD OXIDASE ELECTRON TRANSFER II:PWY0-1568
2048	NADH TO CYTOCHROME BO OXIDASE ELECTRON TRANSFER I:PWY0-1335
2049	NADH TO CYTOCHROME BO OXIDASE ELECTRON TRANSFER II:PWY0-1567
2050	NADH TO DIMETHYL SULFOXIDE ELECTRON TRANSFER:PWY0-1348
2051	NADH TO FUMARATE ELECTRON TRANSFER:PWY0-1336
2052	NADH TO HYDROGEN PEROXIDE ELECTRON TRANSFER:PWY0-1590
2053	NADH TO TRIMETHYLAMINE N-OXIDE ELECTRON TRANSFER:PWY0-1347
2054	NADP BIOSYNTHESIS:PWY-8148
2055	NADPH REPAIR (EUKARYOTES):PWY-8137
2056	NADPH REPAIR (PROKARYOTES):PWY-8136
2057	NAPHTHALENE DEGRADATION (AEROBIC):PWY-5427
2058	NAPHTHALENE DEGRADATION (ANAEROBIC):PWY-7620
2059	NAPHTHALENE DEGRADATION TO ACETYL-COA:PWY-6956
2060	NAPHTHOMYCIN BIOSYNTHESIS:PWY-8038
2061	NARBOMYCIN, PIKROMYCIN AND NOVAPIKROMYCIN BIOSYNTHESIS:PWY-7421
2062	NARINGENIN BIOSYNTHESIS (ENGINEERED):PWY-7397
2063	NARINGENIN C-GLUCOSYLATION:PWY-6602
2064	NARINGENIN GLYCOSIDE BIOSYNTHESIS:PWY-5094
2065	NEOABIETIC ACID BIOSYNTHESIS:PWY-5413
2066	NEOLACTO-SERIES GLYCOSPHINGOLIPIDS BIOSYNTHESIS:PWY-7841
2067	NEOLINUSTATIN BIOACTIVATION:PWY-7092
2068	NEOMYCIN BIOSYNTHESIS:PWY-7016
2069	NEOPENTALENOKETOLACTONE AND PENTALENATE BIOSYNTHESIS:PWY-6919
2070	NEOXALINE BIOSYNTHESIS:PWY-7608
2071	NEOXANTHIN BIOSYNTHESIS:PWY-6809
2072	NEPETALACTONE BIOSYNTHESIS:PWY-8069
2073	NEROL BIOSYNTHESIS:PWY-8177
2074	NEUROSPORAXANTHIN BIOSYNTHESIS:PWY-6681
2075	NEUROSPORENE BIOSYNTHESIS:PWY-6287
2076	NEVADENSIN BIOSYNTHESIS:PWY-7298
2077	NICKEL COFACTOR BIOSYNTHESIS:PWY-7928
2078	NICOTINATE DEGRADATION I:PWY-722
2079	NICOTINATE DEGRADATION II:PWY-5033
2080	NICOTINATE DEGRADATION III:PWY-5055
2081	NICOTINE BIOSYNTHESIS:PWY-5316
2082	NICOTINE DEGRADATION I (PYRIDINE PATHWAY):P181-PWY
2083	NICOTINE DEGRADATION II (PYRROLIDINE PATHWAY):PWY-6993
2084	NICOTINE DEGRADATION III (VPP PATHWAY):PWY-7128
2085	NICOTINE DEGRADATION IV:PWY66-201
2086	NICOTINE DEGRADATION V:PWY66-221
2087	NITRATE REDUCTION I (DENITRIFICATION):DENITRIFICATION-PWY
2088	NITRATE REDUCTION II (ASSIMILATORY):PWY-381
2089	NITRATE REDUCTION III (DISSIMILATORY):PWY0-1321
2090	NITRATE REDUCTION IV (DISSIMILATORY):PWY-5674
2091	NITRATE REDUCTION IX (DISSIMILATORY):PWY0-1581
2092	NITRATE REDUCTION V (ASSIMILATORY):PWY-5675
2093	NITRATE REDUCTION VI (ASSIMILATORY):PWY490-3
2094	NITRATE REDUCTION VII (DENITRIFICATION):PWY-6748
2095	NITRATE REDUCTION VIII (DISSIMILATORY):PWY0-1352
2096	NITRATE REDUCTION VIIIB (DISSIMILATORY):PWY0-1573
2097	NITRATE REDUCTION X (DISSIMILATORY, PERIPLASMIC):PWY0-1584
2098	NITRIC OXIDE BIOSYNTHESIS I (PLANTS):PWY-6845
2099	NITRIC OXIDE BIOSYNTHESIS II (MAMMALS):PWY-4983
2100	NITRIC OXIDE BIOSYNTHESIS III (BACTERIA):PWY-7860
2101	NITRIFIER DENITRIFICATION:PWY-7084
2102	NITRILOTRIACETATE DEGRADATION:PWY-6021
2103	NITRITE OXIDATION:P282-PWY
2104	NITRITE REDUCTION (HEMOGLOBIN):PWY-7683
2105	NITRITE-DEPENDENT ANAEROBIC METHANE OXIDATION:PWY-6523
2106	NITROBENZENE DEGRADATION I:PWY-5637
2107	NITROBENZENE DEGRADATION II:PWY-5640
2108	NITROETHANE DEGRADATION:PWY-5355
2109	NITROGEN FIXATION I (FERREDOXIN):N2FIX-PWY
2110	NITROGEN FIXATION II (FLAVODOXIN):PWY-7576
2111	NITROGLYCERIN DEGRADATION:P201-PWY
2112	NIVALENOL BIOSYNTHESIS:PWY-7713
2113	NOCARDICIN A BIOSYNTHESIS:PWY-7797
2114	NONAPRENYL DIPHOSPHATE BIOSYNTHESIS I:PWY-5805
2115	NONAPRENYL DIPHOSPHATE BIOSYNTHESIS II:PWY-6520
2116	NOPALINE DEGRADATION:NOPALINEDEG-PWY
2117	NORADRENALINE AND ADRENALINE DEGRADATION:PWY-6342
2118	NORSPERMIDINE BIOSYNTHESIS:PWY-6562
2119	NOSCAPINE BIOSYNTHESIS:PWY-7138
2120	NOSTOXANTHIN BIOSYNTHESIS:PWY-7175
2121	NOTOAMIDE C AND D BIOSYNTHESIS:PWY-7604
2122	NOVOBIOCIN BIOSYNTHESIS:PWY-7287
2123	NUCLEOSIDE AND NUCLEOTIDE DEGRADATION (ARCHAEA):PWY-5532
2124	NYLON-6 OLIGOMER DEGRADATION:P621-PWY
2125	NYSTATIN BIOSYNTHESIS:PWY-7624
2126	O-ANTIGEN BUILDING BLOCKS BIOSYNTHESIS (E. COLI):OANTIGEN-PWY
2127	O-DIQUINONES BIOSYNTHESIS:PWY-6752
2128	OCHRATOXIN A BIOSYNTHESIS:PWY-8116
2129	OCTANE OXIDATION:P221-PWY
2130	OCTANOYL-[ACYL-CARRIER PROTEIN] BIOSYNTHESIS (MITOCHONDRIA, YEAST):PWY-7388
2131	OCTAPRENYL DIPHOSPHATE BIOSYNTHESIS:PWY-5783
2132	OCTOPAMINE BIOSYNTHESIS:PWY-7297
2133	OCTOPINE DEGRADATION:OCTOPINEDEG-PWY
2134	ODD ISO-BRANCHED-CHAIN FATTY ACID BIOSYNTHESIS:PWY-8174
2135	OKENONE BIOSYNTHESIS:PWY-7591
2136	OLEANDOMYCIN ACTIVATION/INACTIVATION:PWY-6972
2137	OLEANDOMYCIN BIOSYNTHESIS:PWY-6971
2138	OLEANOLATE BIOSYNTHESIS:PWY-7069
2139	OLEATE BETA;-OXIDATION (ISOMERASE-DEPENDENT, YEAST):PWY-7291
2140	OLEATE BETA;-OXIDATION (REDUCTASE-DEPENDENT, YEAST):PWY-7307
2141	OLEATE BETA;-OXIDATION (THIOESTERASE-DEPENDENT, YEAST):PWY-7292
2142	OLEATE BETA;-OXIDATION:PWY0-1337
2143	OLEATE BIOSYNTHESIS I (PLANTS):PWY-5147
2144	OLEATE BIOSYNTHESIS II (ANIMALS AND FUNGI):PWY-5996
2145	OLEATE BIOSYNTHESIS III (CYANOBACTERIA):PWY-7587
2146	OLEATE BIOSYNTHESIS IV (ANAEROBIC):PWY-7664
2147	OLEORESIN MONOTERPENE VOLATILES BIOSYNTHESIS:PWY-5423
2148	OLEORESIN SESQUITERPENE VOLATILES BIOSYNTHESIS:PWY-5425
2149	OLIGOMERIC URUSHIOL BIOSYNTHESIS:PWY-5787
2150	OLIVETOL BIOSYNTHESIS:PWY-7105
2151	OMEGA;-SULFO-II-DIHYDROMENAQUINONE-9 BIOSYNTHESIS:PWY-7781
2152	OMPHALOTIN BIOSYNTHESIS:PWY-8156
2153	OPHIOBOLIN F BIOSYNTHESIS:PWY-7720
2154	OPHTHALMATE BIOSYNTHESIS:PWY-8043
2155	ORCINOL DEGRADATION:P342-PWY
2156	ORNITHINE LIPID BIOSYNTHESIS:PWY-6818
2157	ORTHANILATE DEGRADATION:2ASDEG-PWY
2158	ORYZALEXIN A, B, AND C BIOSYNTHESIS:PWY-7489
2159	ORYZALEXIN D AND E BIOSYNTHESIS:PWY-7478
2160	ORYZALIDE A BIOSYNTHESIS:PWY-7481
2161	OXALATE BIOSYNTHESIS:PWY-6699
2162	OXALATE DEGRADATION I:PWY-6694
2163	OXALATE DEGRADATION II:PWY-6695
2164	OXALATE DEGRADATION III:PWY-6696
2165	OXALATE DEGRADATION IV:PWY-6697
2166	OXALATE DEGRADATION V:PWY-6698
2167	OXALATE DEGRADATION VI:PWY-7985
2168	OXYGENIC PHOTOSYNTHESIS:PHOTOALL-PWY
2169	P-CUMATE DEGRADATION TO 2-HYDROXYPENTADIENOATE:PWY-5163
2170	P-CUMATE DEGRADATION:PWY-5273
2171	P-CYMENE DEGRADATION TO P-CUMATE:PWY-741
2172	P-CYMENE DEGRADATION:PWY-5266
2173	P-HBAD BIOSYNTHESIS:PWY-7745
2174	PAERUCUMARIN BIOSYNTHESIS:PWY-7955
2175	PALMATINE BIOSYNTHESIS:PWY-5470
2176	PALMITATE BIOSYNTHESIS (TYPE I FATTY ACID SYNTHASE):PWY-5994
2177	PALMITATE BIOSYNTHESIS (TYPE II FATTY ACID SYNTHASE):PWY-5971
2178	PALMITOLEATE BIOSYNTHESIS I (FROM (5Z)-DODEC-5-ENOATE):PWY-6282
2179	PALMITOLEATE BIOSYNTHESIS II (PLANTS AND BACTERIA):PWY-5366
2180	PALMITOLEATE BIOSYNTHESIS III (CYANOBACTERIA):PWY-7589
2181	PALMITOYL ETHANOLAMIDE BIOSYNTHESIS:PWY-8055
2182	PALUSTRIC ACID BIOSYNTHESIS:PWY-5414
2183	PAPAVERINE BIOSYNTHESIS:PWY-7363
2184	PARAOXON DEGRADATION:PWY-5490
2185	PARATHION DEGRADATION:PARATHION-DEGRADATION-PWY
2186	PARKEOL BIOSYNTHESIS:PWY-8027
2187	PAROMAMINE BIOSYNTHESIS I:PWY-7014
2188	PAROMAMINE BIOSYNTHESIS II:PWY-7022
2189	PAROMOMYCIN BIOSYNTHESIS:PWY-7018
2190	PARTIAL TCA CYCLE (OBLIGATE AUTOTROPHS):PWY-5913
2191	PASPALINE BIOSYNTHESIS:PWY-7492
2192	PATCHOULOL BIOSYNTHESIS:PWY-6258
2193	PATELLAMIDE A AND C BIOSYNTHESIS:PWY-8118
2194	PATULIN BIOSYNTHESIS:PWY-7490
2195	PAXILLINE AND DIPRENYLPAXILLINE BIOSYNTHESIS:PWY-7493
2196	PECTIN DEGRADATION I:PWY-7246
2197	PECTIN DEGRADATION II:PWY-7248
2198	PEDERIN BIOSYNTHESIS:PWY-8049
2199	PELARGONIDIN CONJUGATES BIOSYNTHESIS:PWY-5139
2200	PELARGONIDIN DIGLUCOSIDE BIOSYNTHESIS (ACYL-GLUCOSE DEPENDENT):PWY-7259
2201	PENICILLIN G AND PENICILLIN V BIOSYNTHESIS:PWY-7716
2202	PENICILLIN K BIOSYNTHESIS:PWY-5630
2203	PENTACHLOROPHENOL DEGRADATION:PCPDEG-PWY
2204	PENTACYCLIC TRITERPENE BIOSYNTHESIS:PWY-7251
2205	PENTAGALLOYLGLUCOSE BIOSYNTHESIS:PWY-5475
2206	PENTAKETIDE CHROMONE BIOSYNTHESIS:PWY-12
2207	PENTALENOLACTONE BIOSYNTHESIS:PWY-6915
2208	PENTOSE PHOSPHATE PATHWAY (NON-OXIDATIVE BRANCH) I:NONOXIPENT-PWY
2209	PENTOSE PHOSPHATE PATHWAY (NON-OXIDATIVE BRANCH) II:PWY-8178
2210	PENTOSE PHOSPHATE PATHWAY (OXIDATIVE BRANCH) I:OXIDATIVEPENT-PWY
2211	PENTOSE PHOSPHATE PATHWAY (OXIDATIVE BRANCH) II:PWY-7796
2212	PENTOSE PHOSPHATE PATHWAY (PARTIAL):P21-PWY
2213	PENTOSE PHOSPHATE PATHWAY:PENTOSE-P-PWY
2214	PEPTIDOGLYCAN BIOSYNTHESIS I (MESO-DIAMINOPIMELATE CONTAINING):PEPTIDOGLYCANSYN-PWY
2215	PEPTIDOGLYCAN BIOSYNTHESIS II (STAPHYLOCOCCI):PWY-5265
2216	PEPTIDOGLYCAN BIOSYNTHESIS III (MYCOBACTERIA):PWY-6385
2217	PEPTIDOGLYCAN BIOSYNTHESIS IV (ENTEROCOCCUS FAECIUM):PWY-6471
2218	PEPTIDOGLYCAN BIOSYNTHESIS V (BETA;-LACTAM RESISTANCE):PWY-6470
2219	PEPTIDOGLYCAN CROSS-BRIDGE BIOSYNTHESIS I (S. AUREUS):PWY-6459
2220	PEPTIDOGLYCAN CROSS-BRIDGE BIOSYNTHESIS II (E. FAECIUM):PWY-6461
2221	PEPTIDOGLYCAN CROSS-BRIDGE BIOSYNTHESIS III (ENTEROCOCCUS FAECALIS):PWY-6462
2222	PEPTIDOGLYCAN CROSS-BRIDGE BIOSYNTHESIS IV (WEISSELLA VIRIDESCENS):PWY-6463
2223	PEPTIDOGLYCAN MATURATION (MESO-DIAMINOPIMELATE CONTAINING):PWY0-1586
2224	PERAMINE BIOSYNTHESIS:PWY-7600
2225	PERCHLORATE REDUCTION:PWY-6530
2226	PERILLYL ALDEHYDE BIOSYNTHESIS:PWY-6436
2227	PERIPLASMIC DISULFIDE BOND FORMATION:PWY0-1599
2228	PERIPLASMIC DISULFIDE BOND REDUCTION:PWY0-1600
2229	PETROBACTIN BIOSYNTHESIS:PWY-6289
2230	PETROSELINATE BIOSYNTHESIS:PWY-5367
2231	PHASELATE BIOSYNTHESIS:PWY-6320
2232	PHASEOLLIN BIOSYNTHESIS:PWY-3042
2233	PHENAZINE-1-CARBOXYLATE BIOSYNTHESIS:PWY-5770
2234	PHENOL DEGRADATION I (AEROBIC):PWY-5418
2235	PHENOL DEGRADATION II (ANAEROBIC):PHENOLDEG-PWY
2236	PHENOLIC MALONYLGLUCOSIDES BIOSYNTHESIS:PWY-6930
2237	PHENOLPHTHIOCEROL BIOSYNTHESIS:PWY-7742
2238	PHENYL ADENOSYLCOBAMIDE BIOSYNTHESIS FROM ADENOSYLCOBINAMIDE-GDP:PWY-7961
2239	PHENYLACETATE DEGRADATION I (AEROBIC):PWY0-321
2240	PHENYLACETATE DEGRADATION II (ANAEROBIC):PWY-1341
2241	PHENYLETHANOL BIOSYNTHESIS:PWY-5751
2242	PHENYLETHANOL DEGRADATION:PWY-8162
2243	PHENYLETHANOL GLYCOCONJUGATE BIOSYNTHESIS:PWY-7074
2244	PHENYLETHYL ACETATE BIOSYNTHESIS:PWY-7075
2245	PHENYLETHYLAMINE DEGRADATION I:2PHENDEG-PWY
2246	PHENYLETHYLAMINE DEGRADATION II:PWY-6534
2247	PHENYLMERCURY ACETATE DEGRADATION:P641-PWY
2248	PHENYLPHENALENONE BIOSYNTHESIS:PWY-6438
2249	PHENYLPROPANOID BIOSYNTHESIS, INITIAL REACTIONS:PWY1F-467
2250	PHENYLPROPANOID BIOSYNTHESIS:PWY-361
2251	PHENYLPROPANOID VOLATILES GLYCOCONJUGATION (TOMATO):PWY18C3-21
2252	PHENYLPROPANOIDS METHYLATION (ICE PLANT):PWY-7498
2253	PHEOMELANIN BIOSYNTHESIS:PWY-7917
2254	PHLORIDZIN BIOSYNTHESIS:PWY-6515
2255	PHOSALACINE BIOSYNTHESIS:PWY-7769
2256	PHOSPHATE ACQUISITION:PWY-6348
2257	PHOSPHATIDATE BIOSYNTHESIS (YEAST):PWY-7411
2258	PHOSPHATIDATE METABOLISM, AS A SIGNALING MOLECULE:PWY-7039
2259	PHOSPHATIDYLCHOLINE ACYL EDITING:PWY-6803
2260	PHOSPHATIDYLCHOLINE BIOSYNTHESIS I:PWY3O-450
2261	PHOSPHATIDYLCHOLINE BIOSYNTHESIS II:PWY4FS-2
2262	PHOSPHATIDYLCHOLINE BIOSYNTHESIS III:PWY4FS-3
2263	PHOSPHATIDYLCHOLINE BIOSYNTHESIS IV:PWY4FS-4
2264	PHOSPHATIDYLCHOLINE BIOSYNTHESIS V:PWY-6825
2265	PHOSPHATIDYLCHOLINE BIOSYNTHESIS VI:PWY-6826
2266	PHOSPHATIDYLCHOLINE BIOSYNTHESIS VII:PWY-7470
2267	PHOSPHATIDYLCHOLINE RESYNTHESIS VIA GLYCEROPHOSPHOCHOLINE:PWY-7367
2268	PHOSPHATIDYLETHANOLAMINE BIOSYNTHESIS II:PWY4FS-6
2269	PHOSPHATIDYLETHANOLAMINE BIOSYNTHESIS III:PWY-6273
2270	PHOSPHATIDYLGLYCEROL BIOSYNTHESIS I (PLASTIDIC):PWY4FS-7
2271	PHOSPHATIDYLGLYCEROL BIOSYNTHESIS II (NON-PLASTIDIC):PWY4FS-8
2272	PHOSPHATIDYLGLYCEROL DEGRADATION:PWY-7366
2273	PHOSPHATIDYLINOSITOL BIOSYNTHESIS I (BACTERIA):PWY-6580
2274	PHOSPHATIDYLINOSITOL BIOSYNTHESIS II (EUKARYOTES):PWY-7625
2275	PHOSPHATIDYLINOSITOL MANNOSIDE BIOSYNTHESIS:PWY-7885
2276	PHOSPHATIDYLSERINE AND PHOSPHATIDYLETHANOLAMINE BIOSYNTHESIS I:PWY-5669
2277	PHOSPHATIDYLSERINE BIOSYNTHESIS I:PWY-7501
2278	PHOSPHATIDYLSERINE BIOSYNTHESIS II:PWY-7506
2279	PHOSPHINOTHRICIN TRIPEPTIDE BIOSYNTHESIS:PWY-6322
2280	PHOSPHOLIPASES:LIPASYN-PWY
2281	PHOSPHOLIPID DESATURATION:PWY-762
2282	PHOSPHOLIPID REMODELING (PHOSPHATIDATE, YEAST):PWY-7417
2283	PHOSPHOLIPID REMODELING (PHOSPHATIDYLCHOLINE, YEAST):PWY-7416
2284	PHOSPHOLIPID REMODELING (PHOSPHATIDYLETHANOLAMINE, YEAST):PWY-7409
2285	PHOSPHONOACETATE DEGRADATION:P483-PWY
2286	PHOSPHOPANTOTHENATE BIOSYNTHESIS I:PANTO-PWY
2287	PHOSPHOPANTOTHENATE BIOSYNTHESIS II:PWY-3961
2288	PHOSPHOPANTOTHENATE BIOSYNTHESIS III (ARCHAEBACTERIA):PWY-6654
2289	PHOTORESPIRATION:PWY-181
2290	PHOTOSYNTHESIS LIGHT REACTIONS:PWY-101
2291	PHOTOSYNTHETIC 3-HYDROXYBUTANOATE BIOSYNTHESIS (ENGINEERED):PWY-7218
2292	PHTHALATE DEGRADATION (AEROBIC):PWY5F9-3233
2293	PHTHIOCEROL BIOSYNTHESIS:PWY-7741
2294	PHYCOCYANOBILIN BIOSYNTHESIS:PWY-5917
2295	PHYCOERYTHROBILIN BIOSYNTHESIS I:PWY-5915
2296	PHYCOERYTHROBILIN BIOSYNTHESIS II:PWY-7580
2297	PHYCOUROBILIN BIOSYNTHESIS:PWY-7579
2298	PHYCOVIOLOBILIN BIOSYNTHESIS:PWY-7578
2299	PHYLLOQUINOL BIOSYNTHESIS:PWY-5027
2300	PHYTATE DEGRADATION I:PWY-4702
2301	PHYTATE DEGRADATION II:PWY-4781
2302	PHYTOCASSANES BIOSYNTHESIS, SHARED REACTIONS:PWY-7484
2303	PHYTOCHELATINS BIOSYNTHESIS:PWY-6745
2304	PHYTOCHROMOBILIN BIOSYNTHESIS:PWY-7170
2305	PHYTOL DEGRADATION:PWY66-389
2306	PHYTOL SALVAGE PATHWAY:PWY-5107
2307	PHYTOSTEROL BIOSYNTHESIS (PLANTS):PWY-2541
2308	PHYTYL DIPHOSPHATE BIOSYNTHESIS:PWY-5063
2309	PICOLINATE DEGRADATION:PWY-8085
2310	PINITOL BIOSYNTHESIS I:PWY-6738
2311	PINITOL BIOSYNTHESIS II:PWY-6739
2312	PINOBANKSIN BIOSYNTHESIS:PWY-5059
2313	PINOCEMBRIN C-GLUCOSYLATION:PWY-7189
2314	PINOLENATE AND CONIFERONATE BIOSYNTHESIS:PWY-7152
2315	PINORESINOL DEGRADATION:PWY-7982
2316	PINOSYLVIN METABOLISM:PWY-5045
2317	PIPERINE BIOSYNTHESIS:PWY-5752
2318	PLANT ARABINOGALACTAN TYPE II DEGRADATION:PWY-8006
2319	PLASMALOGEN BIOSYNTHESIS:PWY-7782
2320	PLASMALOGEN DEGRADATION:PWY-7783
2321	PLASTOQUINOL-9 BIOSYNTHESIS I:PWY-1581
2322	PLASTOQUINOL-9 BIOSYNTHESIS II:PWY-6978
2323	PLATENSIMYCIN BIOSYNTHESIS:PWY-8179
2324	PLAUNOTOL BIOSYNTHESIS:PWY-6691
2325	PLUMBAGIN BIOSYNTHESIS:PWY-6314
2326	PODOPHYLLOTOXIN GLUCOSIDES METABOLISM:PWY-7491
2327	POLY(3-O-BETA;-D-GLUCOPYRANOSYL-N-ACETYLGALACTOSAMINE 1-PHOSPHATE) WALL TEICHOIC ACID BIOSYNTHESIS:PWY-7819
2328	POLY(GLYCEROL PHOSPHATE) WALL TEICHOIC ACID BIOSYNTHESIS:TEICHOICACID-PWY
2329	POLY(RIBITOL PHOSPHATE) WALL TEICHOIC ACID BIOSYNTHESIS I (B. SUBTILIS):PWY-7815
2330	POLY(RIBITOL PHOSPHATE) WALL TEICHOIC ACID BIOSYNTHESIS II (S. AUREUS):PWY-7816
2331	POLY-HYDROXY FATTY ACIDS BIOSYNTHESIS:PWY-6710
2332	POLYACYLTREHALOSE BIOSYNTHESIS:PWY-7738
2333	POLYBROMINATED BIPHENYLS AND DIPHENYL ETHERS BIOSYNTHESIS:PWY-7932
2334	POLYBROMINATED DIHYDROXYLATED DIPHENYL ETHERS BIOSYNTHESIS:PWY-7934
2335	POLYBROMINATED PHENOLS BIOSYNTHESIS:PWY-7929
2336	POLYETHYLENE TEREPHTHALATE DEGRADATION:PWY-7794
2337	POLYHYDROXYBUTANOATE BIOSYNTHESIS:PWY1-3
2338	POLYHYDROXYDECANOATE BIOSYNTHESIS:PWY-6657
2339	POLYISOPRENOID BIOSYNTHESIS (E. COLI):POLYISOPRENSYN-PWY
2340	POLYMETHYLATED KAEMPFEROL BIOSYNTHESIS:PWY-7163
2341	POLYMETHYLATED MYRICETIN BIOSYNTHESIS (TOMATO):PWY-7160
2342	POLYMETHYLATED QUERCETIN BIOSYNTHESIS:PWY-7161
2343	POLYMETHYLATED QUERCETIN GLUCOSIDE BIOSYNTHESIS I - QUERCETIN SERIES (CHRYSOSPLENIUM):PWY-7150
2344	POLYMETHYLATED QUERCETIN GLUCOSIDE BIOSYNTHESIS II - QUERCETAGETIN SERIES (CHRYSOSPLENIUM):PWY-7151
2345	POLYMYXIN A BIOSYNTHESIS:PWY-7441
2346	POLYMYXIN RESISTANCE:PWY0-1338
2347	POLYPHOSPHATE METABOLISM:PWY-8138
2348	POLYVINYL ALCOHOL DEGRADATION:PWY-6464
2349	PONCIRETIN BIOSYNTHESIS:PWY-5118
2350	PORPHYRAN DEGRADATION:PWY-6815
2351	PPGPP METABOLISM:PPGPPMET-PWY
2352	PREGNENOLONE BIOSYNTHESIS:PWY66-377
2353	PRENYLATED FMNH2 BIOSYNTHESIS:PWY0-1597
2354	PREQ0 BIOSYNTHESIS:PWY-6703
2355	PROANTHOCYANIDINS BIOSYNTHESIS FROM FLAVANOLS:PWY-641
2356	PROCOLLAGEN HYDROXYLATION AND GLYCOSYLATION:PWY-7894
2357	PRODIGIOSIN BIOSYNTHESIS:PWY-7547
2358	PROGESTERONE BIOSYNTHESIS:PWY-7299
2359	PROLINE BETAINE DEGRADATION I:P561-PWY
2360	PROLINE BETAINE DEGRADATION II:PWY-8109
2361	PROLINE TO CYTOCHROME BO OXIDASE ELECTRON TRANSFER:PWY0-1544
2362	PROPANE DEGRADATION I:PWY-7774
2363	PROPANE DEGRADATION II:PWY-7775
2364	PROPANETHIAL S-OXIDE BIOSYNTHESIS:PWY-5707
2365	PROPANOATE FERMENTATION TO 2-METHYLBUTANOATE:PWY-5109
2366	PROPANOYL COA DEGRADATION I:PROPIONMET-PWY
2367	PROPANOYL-COA DEGRADATION II:PWY-7574
2368	PROPENE DEGRADATION:PWY-5534
2369	PROTECTIVE ELECTRON SINKS IN THE THYLAKOID MEMBRANE (PSII TO PTOX):PWY1YI0-7
2370	PROTEIN CITRULLINATION:PWY-4921
2371	PROTEIN N-GLYCOSYLATION (BACTERIAL):PWY-7031
2372	PROTEIN N-GLYCOSYLATION (HALOFERAX VOLCANII):PWY-7661
2373	PROTEIN N-GLYCOSYLATION (METHANOCOCCUS VOLTAE):PWY-7658
2374	PROTEIN N-GLYCOSYLATION INITIAL PHASE (EUKARYOTIC):MANNOSYL-CHITO-DOLICHOL-BIOSYNTHESIS
2375	PROTEIN N-GLYCOSYLATION PROCESSING PHASE (PLANTS AND ANIMALS):PWY-7919
2376	PROTEIN N-GLYCOSYLATION PROCESSING PHASE (YEAST):PWY-7918
2377	PROTEIN NEDDYLATION:PWY-7899
2378	PROTEIN O-GLYCOSYLATION (NEISSERIA):PWY-7037
2379	PROTEIN O-MANNOSYLATION I (YEAST):PWY-7921
2380	PROTEIN O-MANNOSYLATION II (MAMMALS, CORE M1 AND CORE M2):PWY-7922
2381	PROTEIN O-MANNOSYLATION III (MAMMALS, CORE M3):PWY-7979
2382	PROTEIN O-[N-ACETYL]-GLUCOSYLATION:PWY-7437
2383	PROTEIN PUPYLATION AND DEPUPYLATION:PWY-7893
2384	PROTEIN S-NITROSYLATION AND DENITROSYLATION:PWY-7798
2385	PROTEIN SAMPYLATION AND SAMP-MEDIATED THIOLATION:PWY-7887
2386	PROTEIN UBIQUITINATION:PWY-7511
2387	PROTOCATECHUATE DEGRADATION I (META-CLEAVAGE PATHWAY):P184-PWY
2388	PROTOCATECHUATE DEGRADATION II (ORTHO-CLEAVAGE PATHWAY):PROTOCATECHUATE-ORTHO-CLEAVAGE-PWY
2389	PROTOCATECHUATE DEGRADATION III (PARA-CLEAVAGE PATHWAY):PWY-6336
2390	PRPP BIOSYNTHESIS:PWY0-662
2391	PRUNASIN AND AMYGDALIN BIOSYNTHESIS:PWY-7824
2392	PSEUDOMONINE BIOSYNTHESIS:PWY-7983
2393	PSEUDOURIDINE DEGRADATION:PWY-6019
2394	PSILOCYBIN BIOSYNTHESIS:PWY-7936
2395	PTEROCARPAN PHYTOALEXINS MODIFICATION (MAACKIAIN, MEDICARPIN, PISATIN, PHASEOLLIN):PWY-7615
2396	PTEROSTILBENE BIOSYNTHESIS:PWY-6665
2397	PULCHERRIMIN BIOSYNTHESIS:PWY8J2-20
2398	PUNICATE BIOSYNTHESIS:PWY-5374
2399	PURINE DEOXYRIBONUCLEOSIDES DEGRADATION I:PWY-7179
2400	PURINE DEOXYRIBONUCLEOSIDES DEGRADATION II:PWY-7179-1
2401	PURINE DEOXYRIBONUCLEOSIDES SALVAGE:PWY-7224
2402	PURINE NUCLEOBASES DEGRADATION I (ANAEROBIC):P164-PWY
2403	PURINE NUCLEOBASES DEGRADATION II (ANAEROBIC):PWY-5497
2404	PURINE NUCLEOTIDES DEGRADATION I (PLANTS):PWY-5044
2405	PURINE NUCLEOTIDES DEGRADATION II (AEROBIC):PWY-6353
2406	PURINE RIBONUCLEOSIDES DEGRADATION:PWY0-1296
2407	PUROMYCIN BIOSYNTHESIS:PWY-5929
2408	PUTREBACTIN BIOSYNTHESIS:PWY-6378
2409	PUTRESCINE BIOSYNTHESIS I:PWY-40
2410	PUTRESCINE BIOSYNTHESIS II:PWY-43
2411	PUTRESCINE BIOSYNTHESIS III:PWY-46
2412	PUTRESCINE DEGRADATION I:PUTDEG-PWY
2413	PUTRESCINE DEGRADATION II:PWY0-1221
2414	PUTRESCINE DEGRADATION III:PWY-0
2415	PUTRESCINE DEGRADATION IV:PWY-2
2416	PUTRESCINE DEGRADATION V:PWY-3
2417	PYOCHELIN BIOSYNTHESIS:PWY-6408
2418	PYOCYANIN BIOSYNTHESIS:PWY-6666
2419	PYOLUTEORIN BIOSYNTHESIS:PWY-7930
2420	PYOVERDINE I BIOSYNTHESIS:PWY-6409
2421	PYRETHRIN I BIOSYNTHESIS:PWY-6926
2422	PYRIDOXAL 5'-PHOSPHATE BIOSYNTHESIS I:PYRIDOXSYN-PWY
2423	PYRIDOXAL 5'-PHOSPHATE BIOSYNTHESIS II:PWY-6466
2424	PYRIDOXAL 5'-PHOSPHATE SALVAGE I:PLPSAL-PWY
2425	PYRIDOXAL 5'-PHOSPHATE SALVAGE II (PLANTS):PWY-7204
2426	PYRIMIDINE DEOXYRIBONUCLEOSIDES DEGRADATION:PWY-7181
2427	PYRIMIDINE DEOXYRIBONUCLEOSIDES SALVAGE:PWY-7199
2428	PYRIMIDINE DEOXYRIBONUCLEOTIDE PHOSPHORYLATION:PWY-7197
2429	PYRIMIDINE DEOXYRIBONUCLEOTIDES BIOSYNTHESIS FROM CTP:PWY-7210
2430	PYRIMIDINE DEOXYRIBONUCLEOTIDES DE NOVO BIOSYNTHESIS I:PWY-7184
2431	PYRIMIDINE DEOXYRIBONUCLEOTIDES DE NOVO BIOSYNTHESIS II:PWY-7187
2432	PYRIMIDINE DEOXYRIBONUCLEOTIDES DE NOVO BIOSYNTHESIS III:PWY-6545
2433	PYRIMIDINE DEOXYRIBONUCLEOTIDES DE NOVO BIOSYNTHESIS IV:PWY-7198
2434	PYRIMIDINE DEOXYRIBONUCLEOTIDES DEPHOSPHORYLATION:PWY-7206
2435	PYRIMIDINE NUCLEOBASES SALVAGE I:PWY-7183
2436	PYRIMIDINE NUCLEOBASES SALVAGE II:PWY-7194
2437	PYRIMIDINE RIBONUCLEOSIDES DEGRADATION:PWY0-1295
2438	PYRIMIDINE RIBONUCLEOSIDES SALVAGE I:PWY-7193
2439	PYRIMIDINE RIBONUCLEOSIDES SALVAGE II:PWY-6556
2440	PYRIMIDINE RIBONUCLEOSIDES SALVAGE III:PWY-7195
2441	PYRROLNITRIN BIOSYNTHESIS:PWY-6831
2442	PYRROLOQUINOLINE QUINONE BIOSYNTHESIS:PWY-6420
2443	PYRUVATE DECARBOXYLATION TO ACETYL COA I:PYRUVDEHYD-PWY
2444	PYRUVATE DECARBOXYLATION TO ACETYL COA II:PWY-6970
2445	PYRUVATE FERMENTATION TO (R)-ACETOIN I:PWY-5938
2446	PYRUVATE FERMENTATION TO (R)-ACETOIN II:PWY-5939
2447	PYRUVATE FERMENTATION TO (S)-ACETOIN:PWY-6389
2448	PYRUVATE FERMENTATION TO (S)-LACTATE:PWY-5481
2449	PYRUVATE FERMENTATION TO ACETATE AND (S)-LACTATE I:P41-PWY
2450	PYRUVATE FERMENTATION TO ACETATE AND ALANINE:PWY-5096
2451	PYRUVATE FERMENTATION TO ACETATE AND LACTATE II:PWY-5100
2452	PYRUVATE FERMENTATION TO ACETATE I:P142-PWY
2453	PYRUVATE FERMENTATION TO ACETATE II:PWY-5482
2454	PYRUVATE FERMENTATION TO ACETATE III:PWY-5483
2455	PYRUVATE FERMENTATION TO ACETATE IV:PWY-5485
2456	PYRUVATE FERMENTATION TO ACETATE V:PWY-5537
2457	PYRUVATE FERMENTATION TO ACETATE VI:PWY-5538
2458	PYRUVATE FERMENTATION TO ACETATE VII:PWY-5600
2459	PYRUVATE FERMENTATION TO ACETATE VIII:PWY-5768
2460	PYRUVATE FERMENTATION TO ACETOIN III:PWY3O-440
2461	PYRUVATE FERMENTATION TO ACETONE:PWY-6588
2462	PYRUVATE FERMENTATION TO BUTANOATE:CENTFERM-PWY
2463	PYRUVATE FERMENTATION TO BUTANOL I:PWY-6583
2464	PYRUVATE FERMENTATION TO BUTANOL II (ENGINEERED):PWY-6883
2465	PYRUVATE FERMENTATION TO ETHANOL I:PWY-5480
2466	PYRUVATE FERMENTATION TO ETHANOL II:PWY-5486
2467	PYRUVATE FERMENTATION TO ETHANOL III:PWY-6587
2468	PYRUVATE FERMENTATION TO HEXANOL (ENGINEERED):PWY-6863
2469	PYRUVATE FERMENTATION TO ISOBUTANOL (ENGINEERED):PWY-7111
2470	PYRUVATE FERMENTATION TO OPINES:PWY-7351
2471	PYRUVATE FERMENTATION TO PROPANOATE I:P108-PWY
2472	PYRUVATE FERMENTATION TO PROPANOATE II (ACRYLATE PATHWAY):PWY-5494
2473	PYRUVATE TO CYTOCHROME BD OXIDASE ELECTRON TRANSFER:PWY-7545
2474	PYRUVATE TO CYTOCHROME BO OXIDASE ELECTRON TRANSFER:PWY-7544
2475	PYRUVOYL GROUP FORMATION FROM L-SERINE:PWY-8057
2476	QUEBRACHITOL BIOSYNTHESIS:PWY-8078
2477	QUERCETIN DIGLYCOSIDE BIOSYNTHESIS (POLLEN-SPECIFIC):PWY-7192
2478	QUERCETIN GENTIOTETRASIDE BIOSYNTHESIS:PWY-7137
2479	QUERCETIN GLUCOSIDE BIOSYNTHESIS (ALLIUM):PWY-7129
2480	QUERCETIN GLUCOSIDE DEGRADATION (ALLIUM):PWY-7133
2481	QUERCETIN GLYCOSIDE BIOSYNTHESIS (ARABIDOPSIS):PWY-5321
2482	QUERCETIN SULFATE BIOSYNTHESIS:PWY-6199
2483	QUERCETIN TRIGLUCOSIDE BIOSYNTHESIS:PWY-7173
2484	QUEUOSINE BIOSYNTHESIS I (DE NOVO):PWY-6700
2485	QUEUOSINE BIOSYNTHESIS II (QUEUINE SALVAGE):PWY-8105
2486	QUEUOSINE BIOSYNTHESIS III (QUEUOSINE SALVAGE):PWY-8106
2487	QUINATE DEGRADATION I:QUINATEDEG-PWY
2488	QUINATE DEGRADATION II:PWY-6416
2489	QUINOXALINE-2-CARBOXYLATE BIOSYNTHESIS:PWY-7734
2490	RAPOPORT-LUEBERING GLYCOLYTIC SHUNT:PWY-6405
2491	RASPBERRY KETONE BIOSYNTHESIS:PWY-5393
2492	REACTIVE OXYGEN SPECIES DEGRADATION:DETOX1-PWY-1
2493	REBECCAMYCIN BIOSYNTHESIS:PWY-6324
2494	REDUCTIVE ACETYL COENZYME A PATHWAY I (HOMOACETOGENIC BACTERIA):CODH-PWY
2495	REDUCTIVE ACETYL COENZYME A PATHWAY II (AUTOTROPHIC METHANOGENS):PWY-7784
2496	REDUCTIVE MONOCARBOXYLIC ACID CYCLE:PWY-5493
2497	REDUCTIVE TCA CYCLE I:P23-PWY
2498	REDUCTIVE TCA CYCLE II:PWY-5392
2499	RESOLVIN D BIOSYNTHESIS:PWY66-397
2500	RESORCINOL DEGRADATION:P343-PWY
2501	RESVERATROL BIOSYNTHESIS:PWY-84
2502	RESVERATROL DEGRADATION:PWY-6667
2503	RETINOATE BIOSYNTHESIS I:PWY-6872
2504	RETINOATE BIOSYNTHESIS II:PWY-6875
2505	RETINOL BIOSYNTHESIS:PWY-6857
2506	RHABDUSCIN BIOSYNTHESIS:PWY-7960
2507	RHAMNOGALACTURONAN TYPE I DEGRADATION I:PWY-6769
2508	RHAMNOGALACTURONAN TYPE I DEGRADATION II (BACTERIA):PWY-6771
2509	RHAMNOLIPID BIOSYNTHESIS:PWY-6648
2510	RHIZOBACTIN 1021 BIOSYNTHESIS:PWY-761
2511	RHIZOBITOXINE BIOSYNTHESIS:PWY-7906
2512	RHIZOCTICIN A AND B BIOSYNTHESIS:PWY-7510
2513	RHODOQUINONE-10 BIOSYNTHESIS:PWY-5888
2514	RHODOQUINONE-9 BIOSYNTHESIS:PWY-5889
2515	RIBITOL DEGRADATION:RIBITOLUTIL-PWY
2516	RIBOSE PHOSPHORYLATION:RIBOKIN-PWY
2517	RIBOSTAMYCIN BIOSYNTHESIS:PWY-7015
2518	RICININE DEGRADATION:PWY-6923
2519	RICINOLEATE BIOSYNTHESIS:PWY-7618
2520	RIFAMYCIN B BIOSYNTHESIS:PWY-5984
2521	ROQUEFORTINE C BIOSYNTHESIS:PWY-7605
2522	ROSAMICIN BIOSYNTHESIS:PWY-7677
2523	ROSE ANTHOCYANIN BIOSYNTHESIS I (VIA CYANIDIN 5-O-BETA;-D-GLUCOSIDE):PWY-5160
2524	ROSE ANTHOCYANIN BIOSYNTHESIS II (VIA CYANIDIN 3-O-BETA;-D-GLUCOSIDE):PWY-7262
2525	ROSEOFLAVIN BIOSYNTHESIS:PWY-7863
2526	ROSMARINIC ACID BIOSYNTHESIS I:PWY-5048
2527	ROSMARINIC ACID BIOSYNTHESIS II:PWY-5049
2528	ROT-2'-ENONATE BIOSYNTHESIS:PWY-6427
2529	ROTENOID BIOSYNTHESIS I:PWY-5775
2530	ROTENOID BIOSYNTHESIS II:PWY-6425
2531	RUBBER BIOSYNTHESIS:PWY-5815
2532	RUBBER DEGRADATION I:PWY-7924
2533	RUBBER DEGRADATION II:PWY-7925
2534	RUBISCO SHUNT:PWY-5723
2535	RUTIN BIOSYNTHESIS:PWY-5390
2536	RUTIN DEGRADATION (PLANTS):PWY-7134
2537	RUTIN DEGRADATION:PWY-6848
2538	S-ADENOSYL-L-METHIONINE BIOSYNTHESIS:SAM-PWY
2539	S-ADENOSYL-L-METHIONINE SALVAGE I:PWY-6151
2540	S-ADENOSYL-L-METHIONINE SALVAGE II:PWY-5041
2541	S-METHYL-5'-THIOADENOSINE DEGRADATION I:PWY-6754
2542	S-METHYL-5'-THIOADENOSINE DEGRADATION II:PWY-6756
2543	S-METHYL-5'-THIOADENOSINE DEGRADATION III:PWY-6753
2544	S-METHYL-5'-THIOADENOSINE DEGRADATION IV:PWY0-1391
2545	S-METHYL-5-THIO-ALPHA;-D-RIBOSE 1-PHOSPHATE DEGRADATION I:PWY-4361
2546	S-METHYL-5-THIO-ALPHA;-D-RIBOSE 1-PHOSPHATE DEGRADATION II:PWY-7174
2547	S-METHYL-5-THIO-ALPHA;-D-RIBOSE 1-PHOSPHATE DEGRADATION III:PWY-8132
2548	S-METHYL-L-METHIONINE CYCLE:PWY-5441
2549	SAFRAMYCIN A BIOSYNTHESIS:PWY-7671
2550	SAKURANETIN BIOSYNTHESIS:PWY-5116
2551	SALICIN BIOSYNTHESIS:PWY-6766
2552	SALICORTIN BIOSYNTHESIS:PWY-6763
2553	SALICYLATE BIOSYNTHESIS I:PWY-6406
2554	SALICYLATE BIOSYNTHESIS II:PWY-981
2555	SALICYLATE DEGRADATION I:PWY-6183
2556	SALICYLATE DEGRADATION II:PWY-6224
2557	SALICYLATE DEGRADATION III:PWY-6636
2558	SALICYLATE DEGRADATION IV:PWY-6640
2559	SALICYLATE GLUCOSIDES BIOSYNTHESIS I:PWY-6621
2560	SALICYLATE GLUCOSIDES BIOSYNTHESIS II:PWY-6623
2561	SALICYLATE GLUCOSIDES BIOSYNTHESIS III:PWY-6624
2562	SALICYLATE GLUCOSIDES BIOSYNTHESIS IV:PWY-6762
2563	SALIDROSIDE BIOSYNTHESIS:PWY-6802
2564	SALINIKETAL A BIOSYNTHESIS:PWY-8037
2565	SALINOSPORAMIDE A BIOSYNTHESIS:PWY-6627
2566	SALMOCHELIN BIOSYNTHESIS:PWY-8023
2567	SALMOCHELIN DEGRADATION:PWY-8022
2568	SALVIANIN BIOSYNTHESIS:PWY-5268
2569	SALVIGENIN BIOSYNTHESIS:PWY-7325
2570	SANGIVAMYCIN BIOSYNTHESIS:PWY-6721
2571	SANGUINARINE AND MACARPINE BIOSYNTHESIS:PWY-5287
2572	SANTALENE BIOSYNTHESIS I:PWY-6254
2573	SANTALENE BIOSYNTHESIS II:PWY-6836
2574	SAPIENATE BIOSYNTHESIS:PWY-5362
2575	SAPONIN BIOSYNTHESIS II:PWY-5756
2576	SAPONIN BIOSYNTHESIS III:PWY-5759
2577	SAPONIN BIOSYNTHESIS IV:PWY-5774
2578	SARCINAXANTHIN DIGLUCOSIDE BIOSYNTHESIS:PWY-7946
2579	SCH210971 AND SCH210972 BIOSYNTHESIS:PWY-7702
2580	SCIADONATE BIOSYNTHESIS:PWY-6598
2581	SCOPOLETIN BIOSYNTHESIS:PWY-6792
2582	SECOLOGANIN AND STRICTOSIDINE BIOSYNTHESIS:PWY-5290
2583	SEDOHEPTULOSE BISPHOSPHATE BYPASS:PWY0-1517
2584	SELENATE REDUCTION:PWY-6932
2585	SELENO-AMINO ACID BIOSYNTHESIS (PLANTS):PWY-6936
2586	SELENO-AMINO ACID DETOXIFICATION AND VOLATILIZATION I:PWY-6931
2587	SELENO-AMINO ACID DETOXIFICATION AND VOLATILIZATION II:PWY-6935
2588	SELENO-AMINO ACID DETOXIFICATION AND VOLATILIZATION III:PWY-6933
2589	SELINENE BIOSYNTHESIS:PWY-6294
2590	SENECIONINE N-OXIDE BIOSYNTHESIS:PWY-6852
2591	SERINE RACEMIZATION:PWY-8140
2592	SERINOL BIOSYNTHESIS:PWY-6456
2593	SEROTONIN AND MELATONIN BIOSYNTHESIS:PWY-6030
2594	SEROTONIN DEGRADATION:PWY-6313
2595	SESAMIN BIOSYNTHESIS:PWY-5469
2596	SESAMINOL GLUCOSIDE BIOSYNTHESIS:PWY-7139
2597	SESQUITERPENOID PHYTOALEXINS BIOSYNTHESIS:PWY-2961
2598	SHIKIMATE DEGRADATION I:SHIKIMATEDEG-PWY
2599	SHIKIMATE DEGRADATION II:PWY-6419
2600	SHIKONIN BIOSYNTHESIS:PWY-5701
2601	SHINORINE BIOSYNTHESIS:PWY-7751
2602	SHISONIN BIOSYNTHESIS:PWY-5284
2603	SINAPATE ESTER BIOSYNTHESIS:PWY-3301
2604	SIROHEME AMIDE BIOSYNTHESIS:PWY-5297
2605	SIROHEME BIOSYNTHESIS:PWY-5194
2606	SITOSTEROL DEGRADATION TO ANDROSTENEDIONE:PWY-6948
2607	SODORIFEN BIOSYNTHESIS:PWY-8064
2608	SOLASODINE AND SOLADULCIDINE BIOSYNTHESIS:PWY18C3-2
2609	SOLASODINE GLYCOSYLATION:PWY18C3-4
2610	SOPHORAFLAVANONE G BIOSYNTHESIS:PWY-6914
2611	SOPHOROLIPID BIOSYNTHESIS:SOPHOROSYLOXYDOCOSANOATE-SYN-PWY
2612	SOPHOROSYLOXYDOCOSANOATE DEACETYLATION:SOPHOROSYLOXYDOCOSANOATE-DEG-PWY
2613	SORBITOL BIOSYNTHESIS II:PWY-5530
2614	SORGOLEONE BIOSYNTHESIS:PWY-5987
2615	SOYBEAN SAPONIN I BIOSYNTHESIS:PWY-5203
2616	SPECTINABILIN BIOSYNTHESIS:PWY-8034
2617	SPERMIDINE BIOSYNTHESIS I:BSUBPOLYAMSYN-PWY
2618	SPERMIDINE BIOSYNTHESIS II:PWY-6559
2619	SPERMIDINE BIOSYNTHESIS III:PWY-6834
2620	SPERMIDINE HYDROXYCINNAMIC ACID CONJUGATES BIOSYNTHESIS:PWY-6442
2621	SPERMINE AND SPERMIDINE DEGRADATION I:PWY-6117
2622	SPERMINE AND SPERMIDINE DEGRADATION II:PWY-6440
2623	SPERMINE AND SPERMIDINE DEGRADATION III:PWY-6441
2624	SPERMINE BIOSYNTHESIS:ARGSPECAT-PWY
2625	SPHEROIDENE AND SPHEROIDENONE BIOSYNTHESIS:PWY-6286
2626	SPHINGOLIPID BIOSYNTHESIS (MAMMALS):PWY-7277
2627	SPHINGOLIPID BIOSYNTHESIS (PLANTS):PWY-5129
2628	SPHINGOLIPID BIOSYNTHESIS (YEAST):SPHINGOLIPID-SYN-PWY
2629	SPHINGOMYELIN METABOLISM:PWY3DJ-11281
2630	SPHINGOSINE AND SPHINGOSINE-1-PHOSPHATE METABOLISM:PWY3DJ-11470
2631	SPINOSYN A BIOSYNTHESIS:PWY-7100
2632	SPIRILLOXANTHIN AND 2,2'-DIKETO-SPIRILLOXANTHIN BIOSYNTHESIS:PWY-6581
2633	SPODOPTERA LITTORALIS PHEROMONE BIOSYNTHESIS:PWY-7656
2634	SPONGIADIOXIN C BIOSYNTHESIS:PWY-7935
2635	SPOROPOLLENIN PRECURSORS BIOSYNTHESIS:PWY-6733
2636	SQUID BIOLUMINESCENCE:PWY-7916
2637	STACHYOSE BIOSYNTHESIS:PWY-5337
2638	STACHYOSE DEGRADATION:PWY-6527
2639	STAPHYLOFERRIN A BIOSYNTHESIS:PWY-7990
2640	STAPHYLOFERRIN B BIOSYNTHESIS:PWY-8008
2641	STAPHYLOPINE BIOSYNTHESIS:PWY-8007
2642	STAPHYLOXANTHIN BIOSYNTHESIS:PWY-5875
2643	STARCH BIOSYNTHESIS:PWY-622
2644	STARCH DEGRADATION I:PWY-842
2645	STARCH DEGRADATION II:PWY-6724
2646	STARCH DEGRADATION III:PWY-6731
2647	STARCH DEGRADATION IV:PWY-6735
2648	STARCH DEGRADATION V:PWY-6737
2649	STAUROSPORINE BIOSYNTHESIS:PWY-6346
2650	STEARATE BIOSYNTHESIS I (ANIMALS):PWY-5972
2651	STEARATE BIOSYNTHESIS II (BACTERIA AND PLANTS):PWY-5989
2652	STEARATE BIOSYNTHESIS III (FUNGI):PWY3O-355
2653	STEARIDONATE BIOSYNTHESIS (CYANOBACTERIA):PWY-7595
2654	STELLARIOSE AND MEDIOSE BIOSYNTHESIS:PWY-6525
2655	STELLATIC ACID BIOSYNTHESIS:PWY-7736
2656	STEPHACIDIN A BIOSYNTHESIS:PWY-7603
2657	STERCULATE BIOSYNTHESIS:PWY-4942
2658	STERIGMATOCYSTIN BIOSYNTHESIS:PWY-5956
2659	STEROL BIOSYNTHESIS (METHYLOTROPHS):PWY-8026
2660	STEROL:STERYL ESTER INTERCONVERSION (YEAST):PWY-7424
2661	STEVIOL BIOSYNTHESIS:PWY-7070
2662	STEVIOL GLUCOSIDE BIOSYNTHESIS (REBAUDIOSIDE A BIOSYNTHESIS):PWY-7071
2663	STIGMA ESTOLIDE BIOSYNTHESIS:PWY-6453
2664	STIPITATATE BIOSYNTHESIS:PWY-7687
2665	STREPTOMYCIN BIOSYNTHESIS:PWY-5940
2666	STREPTORUBIN B BIOSYNTHESIS:PWY1A0-6120
2667	STREPTOVARICIN BIOSYNTHESIS:PWY-8035
2668	STYRENE DEGRADATION:PWY-6941
2669	SUBERIN MONOMERS BIOSYNTHESIS:PWY-1121
2670	SUCCINATE FERMENTATION TO BUTANOATE:PWY-5677
2671	SUCCINATE TO CYTOCHROME BD OXIDASE ELECTRON TRANSFER:PWY0-1353
2672	SUCCINATE TO CYTOCHROME BO OXIDASE ELECTRON TRANSFER:PWY0-1329
2673	SUCCINOGLYCAN BIOSYNTHESIS:PWY-8133
2674	SUCROSE BIOSYNTHESIS I (FROM PHOTOSYNTHESIS):SUCSYN-PWY
2675	SUCROSE BIOSYNTHESIS II:PWY-7238
2676	SUCROSE BIOSYNTHESIS III:PWY-7347
2677	SUCROSE DEGRADATION I (SUCROSE PHOSPHOTRANSFERASE):SUCUTIL-PWY
2678	SUCROSE DEGRADATION II (SUCROSE SYNTHASE):PWY-3801
2679	SUCROSE DEGRADATION III (SUCROSE INVERTASE):PWY-621
2680	SUCROSE DEGRADATION IV (SUCROSE PHOSPHORYLASE):PWY-5384
2681	SUCROSE DEGRADATION V (SUCROSE ALPHA;-GLUCOSIDASE):PWY66-373
2682	SUCROSE DEGRADATION VII (SUCROSE 3-DEHYDROGENASE):SUCROSEUTIL2-PWY
2683	SULFATE ACTIVATION FOR SULFONATION:PWY-5340
2684	SULFIDE OXIDATION I (TO SULFUR GLOBULES):P222-PWY
2685	SULFIDE OXIDATION II (FLAVOCYTOCHROME C):PWY-5274
2686	SULFIDE OXIDATION III (TO SULFITE):PWY-5285
2687	SULFIDE OXIDATION IV (MITOCHONDRIA):PWY-7927
2688	SULFITE OXIDATION I:PWY-5276
2689	SULFITE OXIDATION II:PWY-5279
2690	SULFITE OXIDATION III:PWY-5278
2691	SULFITE OXIDATION IV (SULFITE OXIDASE):PWY-5326
2692	SULFITE OXIDATION V (SOEABC):PWY-7457
2693	SULFOACETALDEHYDE DEGRADATION I:PWY-1281
2694	SULFOACETALDEHYDE DEGRADATION II:PWY-5982
2695	SULFOACETALDEHYDE DEGRADATION III:PWY-6718
2696	SULFOACETALDEHYDE DEGRADATION IV:PWY-8062
2697	SULFOACETATE DEGRADATION:PWY-6593
2698	SULFOLACTATE DEGRADATION I:PWY-6616
2699	SULFOLACTATE DEGRADATION II:PWY-6637
2700	SULFOLACTATE DEGRADATION III:PWY-6638
2701	SULFOQUINOVOSE DEGRADATION I:PWY-7446
2702	SULFOQUINOVOSE DEGRADATION II:PWY-7722
2703	SULFOQUINOVOSYL DIACYLGLYCEROL BIOSYNTHESIS:PWYQT-4427
2704	SULFUR DISPROPORTIONATION I (ANAEROBIC):P203-PWY
2705	SULFUR DISPROPORTIONATION II (AEROBIC):PWY-5302
2706	SULFUR OXIDATION I (AEROBIC):SULFUROX-PWY
2707	SULFUR OXIDATION II (FE+3-DEPENDENT):FESULFOX-PWY
2708	SULFUR OXIDATION IV (INTRACELLULAR SULFUR):PWY-6675
2709	SULFUR REDUCTION I:PWY-5332
2710	SULFUR REDUCTION II (VIA POLYSULFIDE):PWY-5364
2711	SULFUR REDUCTION III:PWY-7976
2712	SULFUR VOLATILES BIOSYNTHESIS:PWY-6736
2713	SUPEROXIDE RADICALS DEGRADATION:DETOX1-PWY
2714	SUPERPATHWAY OF (KDO)2-LIPID A BIOSYNTHESIS:KDO-NAGLIPASYN-PWY
2715	SUPERPATHWAY OF (R,R)-BUTANEDIOL BIOSYNTHESIS:P125-PWY
2716	SUPERPATHWAY OF 1D-MYO-INOSITOL HEXAKISPHOSPHATE BIOSYNTHESIS (PLANTS):PWY-6555
2717	SUPERPATHWAY OF 2,3-BUTANEDIOL BIOSYNTHESIS:PWY-6396
2718	SUPERPATHWAY OF 4-AMINOBUTANOATE DEGRADATION:4AMINOBUTMETAB-PWY
2719	SUPERPATHWAY OF 5-AMINOIMIDAZOLE RIBONUCLEOTIDE BIOSYNTHESIS:PWY-6277
2720	SUPERPATHWAY OF ACETATE UTILIZATION AND FORMATION:ACETATEUTIL-PWY
2721	SUPERPATHWAY OF ACRYLONITRILE DEGRADATION:P344-PWY
2722	SUPERPATHWAY OF ACYLSUCROSE BIOSYNTHESIS (CULTIVATED TOMATO):PWY18C3-12
2723	SUPERPATHWAY OF ACYLSUCROSE BIOSYNTHESIS (WILD TOMATO):PWY18C3-17
2724	SUPERPATHWAY OF ADENOSINE NUCLEOTIDES DE NOVO BIOSYNTHESIS I:PWY-7229
2725	SUPERPATHWAY OF ADENOSINE NUCLEOTIDES DE NOVO BIOSYNTHESIS II:PWY-6126
2726	SUPERPATHWAY OF ADENOSYLCOBALAMIN SALVAGE FROM COBINAMIDE I:COBALSYN-PWY
2727	SUPERPATHWAY OF ADENOSYLCOBALAMIN SALVAGE FROM COBINAMIDE II:PWY-6269
2728	SUPERPATHWAY OF AEROBIC TOLUENE DEGRADATION:PWY-5183
2729	SUPERPATHWAY OF AFLATOXIN BIOSYNTHESIS:PWY-5961
2730	SUPERPATHWAY OF ALLANTOIN DEGRADATION IN PLANTS:URDEGR-PWY
2731	SUPERPATHWAY OF ALLANTOIN DEGRADATION IN YEAST:ALLANTOINDEG-PWY
2732	SUPERPATHWAY OF ALLIUM FLAVOR PRECURSORS:PWY-6176
2733	SUPERPATHWAY OF AMMONIA ASSIMILATION (PLANTS):PWY-3282
2734	SUPERPATHWAY OF ANAEROBIC ENERGY METABOLISM (INVERTEBRATES):PWY-7389
2735	SUPERPATHWAY OF ANAEROBIC SUCROSE DEGRADATION:PWY-7345
2736	SUPERPATHWAY OF ANTHOCYANIN BIOSYNTHESIS (FROM CYANIDIN AND CYANIDIN 3-O-GLUCOSIDE):PWY-5313
2737	SUPERPATHWAY OF ANTHOCYANIN BIOSYNTHESIS (FROM DELPHINIDIN 3-O-GLUCOSIDE):PWY-5310
2738	SUPERPATHWAY OF ANTHOCYANIN BIOSYNTHESIS (FROM PELARGONIDIN 3-O-GLUCOSIDE):PWY-5312
2739	SUPERPATHWAY OF ARGININE AND POLYAMINE BIOSYNTHESIS:ARG+POLYAMINE-SYN
2740	SUPERPATHWAY OF AROMATIC AMINO ACID BIOSYNTHESIS:COMPLETE-ARO-PWY
2741	SUPERPATHWAY OF AROMATIC COMPOUND DEGRADATION VIA 2-HYDROXYPENTADIENOATE:PWY-6954
2742	SUPERPATHWAY OF AROMATIC COMPOUND DEGRADATION VIA 3-OXOADIPATE:PWY-2504
2743	SUPERPATHWAY OF ATRAZINE DEGRADATION:PWY-5724
2744	SUPERPATHWAY OF AVENACIN A BIOSYNTHESIS:PWY-7476
2745	SUPERPATHWAY OF BACTERIOCHLOROPHYLL A BIOSYNTHESIS:PWY-5529
2746	SUPERPATHWAY OF BENZOXAZINOID GLUCOSIDES BIOSYNTHESIS:PWY-4161
2747	SUPERPATHWAY OF BETA;-D-GLUCURONOSIDES DEGRADATION:GLUCUROCAT-PWY
2748	SUPERPATHWAY OF BETALAIN BIOSYNTHESIS:PWY-5405
2749	SUPERPATHWAY OF BITTER ACIDS BIOSYNTHESIS:PWY-5134
2750	SUPERPATHWAY OF BRANCHED CHAIN AMINO ACID BIOSYNTHESIS:BRANCHED-CHAIN-AA-SYN-PWY
2751	SUPERPATHWAY OF BUTIROCIN BIOSYNTHESIS:PWY-7020
2752	SUPERPATHWAY OF C1 COMPOUNDS OXIDATION TO CO2:PWY-1882
2753	SUPERPATHWAY OF C28 BRASSINOSTEROID BIOSYNTHESIS:PWY-6544
2754	SUPERPATHWAY OF CANDICIDIN BIOSYNTHESIS:PWY-7575
2755	SUPERPATHWAY OF CAROTENOID BIOSYNTHESIS IN PLANTS:CAROTENOID-PWY
2756	SUPERPATHWAY OF CDP-GLUCOSE-DERIVED O-ANTIGEN BUILDING BLOCKS BIOSYNTHESIS:PWY-5823
2757	SUPERPATHWAY OF CHOLESTEROL BIOSYNTHESIS:PWY66-5
2758	SUPERPATHWAY OF CHOLESTEROL DEGRADATION I (CHOLESTEROL OXIDASE):PWY-6928
2759	SUPERPATHWAY OF CHOLESTEROL DEGRADATION II (CHOLESTEROL DEHYDROGENASE):PWY-6947
2760	SUPERPATHWAY OF CHOLESTEROL DEGRADATION III (OXIDASE):PWY-8154
2761	SUPERPATHWAY OF CHOLINE BIOSYNTHESIS:PWY-4762
2762	SUPERPATHWAY OF CHORISMATE METABOLISM:ALL-CHORISMATE-PWY
2763	SUPERPATHWAY OF CLOSTRIDIUM ACETOBUTYLICUM ACIDOGENIC AND SOLVENTOGENIC FERMENTATION:PWY-6604
2764	SUPERPATHWAY OF CLOSTRIDIUM ACETOBUTYLICUM ACIDOGENIC FERMENTATION:PWY-6590
2765	SUPERPATHWAY OF CLOSTRIDIUM ACETOBUTYLICUM SOLVENTOGENIC FERMENTATION:PWY-6594
2766	SUPERPATHWAY OF CMP-SIALIC ACIDS BIOSYNTHESIS:PWY-6145
2767	SUPERPATHWAY OF COENZYME A BIOSYNTHESIS I (BACTERIA):PANTOSYN-PWY
2768	SUPERPATHWAY OF COENZYME A BIOSYNTHESIS II (PLANTS):PWY-4221
2769	SUPERPATHWAY OF COENZYME A BIOSYNTHESIS III (MAMMALS):COA-PWY-1
2770	SUPERPATHWAY OF CYTOSOLIC GLYCOLYSIS (PLANTS), PYRUVATE DEHYDROGENASE AND TCA CYCLE:PWY-5464
2771	SUPERPATHWAY OF D-GLUCARATE AND D-GALACTARATE DEGRADATION:GLUCARGALACTSUPER-PWY
2772	SUPERPATHWAY OF D-MYO-INOSITOL (1,4,5)-TRISPHOSPHATE METABOLISM:PWY-6358
2773	SUPERPATHWAY OF DEMETHYLMENAQUINOL-6 BIOSYNTHESIS I:PWY-5860
2774	SUPERPATHWAY OF DEMETHYLMENAQUINOL-6 BIOSYNTHESIS II:PWY-7373
2775	SUPERPATHWAY OF DEMETHYLMENAQUINOL-8 BIOSYNTHESIS I:PWY-5861
2776	SUPERPATHWAY OF DEMETHYLMENAQUINOL-9 BIOSYNTHESIS:PWY-5862
2777	SUPERPATHWAY OF DIMETHYLSULFONE DEGRADATION:PWY-6072
2778	SUPERPATHWAY OF DIMETHYLSULFONIOPROPANOATE DEGRADATION:PWY-6049
2779	SUPERPATHWAY OF DITERPENE RESIN ACIDS BIOSYNTHESIS:PWY-5416
2780	SUPERPATHWAY OF DTDP-GLUCOSE-DERIVED ANTIBIOTIC BUILDING BLOCKS BIOSYNTHESIS:PWY-7438
2781	SUPERPATHWAY OF DTDP-GLUCOSE-DERIVED O-ANTIGEN BUILDING BLOCKS BIOSYNTHESIS:PWY-7317
2782	SUPERPATHWAY OF ERGOSTEROL BIOSYNTHESIS I:ERGOSTEROL-SYN-PWY
2783	SUPERPATHWAY OF ERGOSTEROL BIOSYNTHESIS II:PWY-7156
2784	SUPERPATHWAY OF ERGOTAMINE BIOSYNTHESIS:PWY-6503
2785	SUPERPATHWAY OF ERYTHROMYCIN BIOSYNTHESIS (WITHOUT SUGAR BIOSYNTHESIS):PWY-6975
2786	SUPERPATHWAY OF ERYTHROMYCIN BIOSYNTHESIS:PWY-6977
2787	SUPERPATHWAY OF FATTY ACID BIOSYNTHESIS I (E. COLI):PWY0-881
2788	SUPERPATHWAY OF FATTY ACID BIOSYNTHESIS II (PLANT):PWY-5156
2789	SUPERPATHWAY OF FATTY ACID BIOSYNTHESIS INITIATION (E. COLI):FASYN-INITIAL-PWY
2790	SUPERPATHWAY OF FATTY ACIDS BIOSYNTHESIS (E. COLI):PWY-6285
2791	SUPERPATHWAY OF FERMENTATION (CHLAMYDOMONAS REINHARDTII):PWY4LZ-257
2792	SUPERPATHWAY OF FLAVONES AND DERIVATIVES BIOSYNTHESIS:PWY-6266
2793	SUPERPATHWAY OF FORMONONETIN DERIVATIVE BIOSYNTHESIS:PWY-5717
2794	SUPERPATHWAY OF FUCOSE AND RHAMNOSE DEGRADATION:FUC-RHAMCAT-PWY
2795	SUPERPATHWAY OF FUMITREMORGIN BIOSYNTHESIS:PWY-7537
2796	SUPERPATHWAY OF GDP-MANNOSE-DERIVED O-ANTIGEN BUILDING BLOCKS BIOSYNTHESIS:PWY-7323
2797	SUPERPATHWAY OF GERANYLGERANYL DIPHOSPHATE BIOSYNTHESIS II (VIA MEP):PWY-5121
2798	SUPERPATHWAY OF GERANYLGERANYLDIPHOSPHATE BIOSYNTHESIS I (VIA MEVALONATE):PWY-5910
2799	SUPERPATHWAY OF GIBBERELLIN BIOSYNTHESIS:PWY-5052
2800	SUPERPATHWAY OF GIBBERELLIN GA12 BIOSYNTHESIS:PWY-5053
2801	SUPERPATHWAY OF GLANDULAR TRICHOMES PRODUCED DITERPENOIDS (TOBACCO):PWY18C3-14
2802	SUPERPATHWAY OF GLUCOSE AND XYLOSE DEGRADATION:PWY-6901
2803	SUPERPATHWAY OF GLYCEROL DEGRADATION TO 1,3-PROPANEDIOL:GOLPDLCAT-PWY
2804	SUPERPATHWAY OF GLYCOALKALOID METABOLISM (SOLANACEAE):PWY18C3-6
2805	SUPERPATHWAY OF GLYCOL METABOLISM AND DEGRADATION:GLYCOL-GLYOXDEG-PWY
2806	SUPERPATHWAY OF GLYCOLYSIS AND THE ENTNER-DOUDOROFF PATHWAY:GLYCOLYSIS-E-D
2807	SUPERPATHWAY OF GLYCOLYSIS, PYRUVATE DEHYDROGENASE, TCA, AND GLYOXYLATE BYPASS:GLYCOLYSIS-TCA-GLYOX-BYPASS
2808	SUPERPATHWAY OF GLYCOSPHINGOLIPIDS BIOSYNTHESIS:PWY-7835
2809	SUPERPATHWAY OF GLYOXYLATE BYPASS AND TCA:TCA-GLYOX-BYPASS
2810	SUPERPATHWAY OF GLYOXYLATE CYCLE AND FATTY ACID DEGRADATION:PWY-561
2811	SUPERPATHWAY OF GUANINE AND GUANOSINE SALVAGE:PWY-6579
2812	SUPERPATHWAY OF GUANOSINE NUCLEOTIDES DE NOVO BIOSYNTHESIS I:PWY-7228
2813	SUPERPATHWAY OF GUANOSINE NUCLEOTIDES DE NOVO BIOSYNTHESIS II:PWY-6125
2814	SUPERPATHWAY OF GUANOSINE NUCLEOTIDES DEGRADATION (PLANTS):PWY-6595
2815	SUPERPATHWAY OF HEME B BIOSYNTHESIS FROM GLUTAMATE:PWY-5918
2816	SUPERPATHWAY OF HEME B BIOSYNTHESIS FROM GLYCINE:PWY-5920
2817	SUPERPATHWAY OF HEME B BIOSYNTHESIS FROM UROPORPHYRINOGEN-III:PWY0-1415
2818	SUPERPATHWAY OF HEXITOL DEGRADATION (BACTERIA):HEXITOLDEGSUPER-PWY
2819	SUPERPATHWAY OF HEXURONIDE AND HEXURONATE DEGRADATION:GALACT-GLUCUROCAT-PWY
2820	SUPERPATHWAY OF HISTIDINE, PURINE, AND PYRIMIDINE BIOSYNTHESIS:PRPP-PWY
2821	SUPERPATHWAY OF HYDROGEN PRODUCTION:PWY-6751
2822	SUPERPATHWAY OF HYDROLYZABLE TANNIN BIOSYNTHESIS:PWY-5478
2823	SUPERPATHWAY OF HYOSCYAMINE AND SCOPOLAMINE BIOSYNTHESIS:PWY-7341
2824	SUPERPATHWAY OF INDOLE-3-ACETATE CONJUGATE BIOSYNTHESIS:PWY-1782
2825	SUPERPATHWAY OF INOSITOL PHOSPHATE COMPOUNDS:PWY-6371
2826	SUPERPATHWAY OF ISOFLAVONOIDS (VIA NARINGENIN):PWY-3097
2827	SUPERPATHWAY OF JASMONOYL-AMINO ACID CONJUGATES BIOSYNTHESIS:PWY-6234
2828	SUPERPATHWAY OF KAVALACTONE BIOSYNTHESIS:PWY-8094
2829	SUPERPATHWAY OF L-ALANINE BIOSYNTHESIS:PWY0-1061
2830	SUPERPATHWAY OF L-ALANINE FERMENTATION (STICKLAND REACTION):PROPFERM-PWY
2831	SUPERPATHWAY OF L-ARGININE AND L-ORNITHINE DEGRADATION:ORNARGDEG-PWY
2832	SUPERPATHWAY OF L-ARGININE, PUTRESCINE, AND 4-AMINOBUTANOATE DEGRADATION:ARGDEG-PWY
2833	SUPERPATHWAY OF L-ASPARAGINE BIOSYNTHESIS:PWY0-1325
2834	SUPERPATHWAY OF L-ASPARTATE AND L-ASPARAGINE BIOSYNTHESIS:ASPASN-PWY
2835	SUPERPATHWAY OF L-CITRULLINE METABOLISM:PWY-5004
2836	SUPERPATHWAY OF L-CYSTEINE BIOSYNTHESIS (FUNGI):PWY-6293
2837	SUPERPATHWAY OF L-CYSTEINE BIOSYNTHESIS (MAMMALIAN):PWY-6292
2838	SUPERPATHWAY OF L-HOMOSERINE AND L-METHIONINE BIOSYNTHESIS:METSYN-PWY
2839	SUPERPATHWAY OF L-ISOLEUCINE BIOSYNTHESIS I:PWY-3001
2840	SUPERPATHWAY OF L-LYSINE DEGRADATION:PWY-5327
2841	SUPERPATHWAY OF L-LYSINE, L-THREONINE AND L-METHIONINE BIOSYNTHESIS I:P4-PWY
2842	SUPERPATHWAY OF L-LYSINE, L-THREONINE AND L-METHIONINE BIOSYNTHESIS II:PWY-724
2843	SUPERPATHWAY OF L-METHIONINE BIOSYNTHESIS (BY SULFHYDRYLATION):PWY-5345
2844	SUPERPATHWAY OF L-METHIONINE BIOSYNTHESIS (TRANSSULFURATION):PWY-5347
2845	SUPERPATHWAY OF L-METHIONINE SALVAGE AND DEGRADATION:PWY-5328
2846	SUPERPATHWAY OF L-PHENYLALANINE AND L-TYROSINE BIOSYNTHESIS:PWY-3481
2847	SUPERPATHWAY OF L-PHENYLALANINE BIOSYNTHESIS:PWY-6628
2848	SUPERPATHWAY OF L-SERINE AND GLYCINE BIOSYNTHESIS I:SER-GLYSYN-PWY
2849	SUPERPATHWAY OF L-THREONINE BIOSYNTHESIS:THRESYN-PWY
2850	SUPERPATHWAY OF L-THREONINE METABOLISM:THREOCAT-PWY
2851	SUPERPATHWAY OF L-TRYPTOPHAN BIOSYNTHESIS:PWY-6629
2852	SUPERPATHWAY OF L-TYROSINE BIOSYNTHESIS:PWY-6630
2853	SUPERPATHWAY OF LINALOOL BIOSYNTHESIS:PWY2OL-4
2854	SUPERPATHWAY OF LINAMARIN AND LOTAUSTRALIN BIOSYNTHESIS:PWY-5991
2855	SUPERPATHWAY OF LIPOPOLYSACCHARIDE BIOSYNTHESIS:LPSSYN-PWY
2856	SUPERPATHWAY OF LIPOXYGENASE:PWY-5433
2857	SUPERPATHWAY OF MEGALOMICIN A BIOSYNTHESIS:PWY-7110
2858	SUPERPATHWAY OF MELATONIN DEGRADATION:PWY-6402
2859	SUPERPATHWAY OF MENAQUINOL-10 BIOSYNTHESIS:PWY-5896
2860	SUPERPATHWAY OF MENAQUINOL-11 BIOSYNTHESIS:PWY-5897
2861	SUPERPATHWAY OF MENAQUINOL-12 BIOSYNTHESIS:PWY-5898
2862	SUPERPATHWAY OF MENAQUINOL-13 BIOSYNTHESIS:PWY-5899
2863	SUPERPATHWAY OF MENAQUINOL-6 BIOSYNTHESIS:PWY-5850
2864	SUPERPATHWAY OF MENAQUINOL-7 BIOSYNTHESIS:PWY-5840
2865	SUPERPATHWAY OF MENAQUINOL-8 BIOSYNTHESIS I:PWY-5838
2866	SUPERPATHWAY OF MENAQUINOL-8 BIOSYNTHESIS II:PWY-6263
2867	SUPERPATHWAY OF MENAQUINOL-8 BIOSYNTHESIS III:PWY-7992
2868	SUPERPATHWAY OF MENAQUINOL-9 BIOSYNTHESIS:PWY-5845
2869	SUPERPATHWAY OF METHANOGENESIS:PWY-6830
2870	SUPERPATHWAY OF METHYLGLYOXAL DEGRADATION:METHGLYUT-PWY
2871	SUPERPATHWAY OF METHYLSALICYLATE METABOLISM:PWY18C3-25
2872	SUPERPATHWAY OF MICROBIAL D-GALACTURONATE AND D-GLUCURONATE DEGRADATION:PWY-6516
2873	SUPERPATHWAY OF MYCOLATE BIOSYNTHESIS:PWY-6113
2874	SUPERPATHWAY OF MYCOLYL-ARABINOGALACTAN-PEPTIDOGLYCAN COMPLEX BIOSYNTHESIS:PWY-6404
2875	SUPERPATHWAY OF N-ACETYLGLUCOSAMINE, N-ACETYLMANNOSAMINE AND N-ACETYLNEURAMINATE DEGRADATION:GLCMANNANAUT-PWY
2876	SUPERPATHWAY OF N-ACETYLNEURAMINATE DEGRADATION:P441-PWY
2877	SUPERPATHWAY OF NAD BIOSYNTHESIS IN EUKARYOTES:PWY-3502
2878	SUPERPATHWAY OF NAD/NADP - NADH/NADPH INTERCONVERSION (YEAST):PWY-7245
2879	SUPERPATHWAY OF NEOMYCIN BIOSYNTHESIS:PWY-7021
2880	SUPERPATHWAY OF NICOTINATE DEGRADATION:PWY-5062
2881	SUPERPATHWAY OF NICOTINE BIOSYNTHESIS:PWY-7342
2882	SUPERPATHWAY OF OLEORESIN TURPENTINE BIOSYNTHESIS:PWY-5424
2883	SUPERPATHWAY OF ORNITHINE DEGRADATION:ORNDEG-PWY
2884	SUPERPATHWAY OF PENICILLIN, CEPHALOSPORIN AND CEPHAMYCIN BIOSYNTHESIS:PWY-5634
2885	SUPERPATHWAY OF PENTOSE AND PENTITOL DEGRADATION:PWY-5257
2886	SUPERPATHWAY OF PHENYLETHYLAMINE DEGRADATION:PWY-6071
2887	SUPERPATHWAY OF PHOSPHATIDYLCHOLINE BIOSYNTHESIS:PWY4FS-5
2888	SUPERPATHWAY OF PHOSPHOLIPID BIOSYNTHESIS I (BACTERIA):PHOSLIPSYN-PWY
2889	SUPERPATHWAY OF PHOSPHOLIPID BIOSYNTHESIS II (PLANTS):PHOSLIPSYN2-PWY
2890	SUPERPATHWAY OF PHOTOSYNTHETIC HYDROGEN PRODUCTION:PWY-7731
2891	SUPERPATHWAY OF PHYLLOQUINOL BIOSYNTHESIS:PWY-5863
2892	SUPERPATHWAY OF PLASTOQUINOL BIOSYNTHESIS:PWY-5864
2893	SUPERPATHWAY OF POLYAMINE BIOSYNTHESIS I:POLYAMSYN-PWY
2894	SUPERPATHWAY OF POLYAMINE BIOSYNTHESIS II:POLYAMINSYN3-PWY
2895	SUPERPATHWAY OF POLYAMINE BIOSYNTHESIS III:PWY-6565
2896	SUPERPATHWAY OF POLYBROMINATED AROMATIC COMPOUND BIOSYNTHESIS:PWY-7933
2897	SUPERPATHWAY OF POLYMETHYLATED QUERCETIN/QUERCETAGETIN GLUCOSIDE BIOSYNTHESIS (CHRYSOSPLENIUM):PWY-7149
2898	SUPERPATHWAY OF PTEROCARPAN BIOSYNTHESIS (VIA DAIDZEIN):PWY-2055
2899	SUPERPATHWAY OF PTEROCARPAN BIOSYNTHESIS (VIA FORMONONETIN):PWY-2229
2900	SUPERPATHWAY OF PURINE DEOXYRIBONUCLEOSIDES DEGRADATION:PWY0-1297
2901	SUPERPATHWAY OF PURINE NUCLEOTIDE SALVAGE:PWY66-409
2902	SUPERPATHWAY OF PURINE NUCLEOTIDES DE NOVO BIOSYNTHESIS I:PWY-841
2903	SUPERPATHWAY OF PURINE NUCLEOTIDES DE NOVO BIOSYNTHESIS II:DENOVOPURINE2-PWY
2904	SUPERPATHWAY OF PURINES DEGRADATION IN PLANTS:P165-PWY
2905	SUPERPATHWAY OF PUTRESCINE BIOSYNTHESIS:PWY-6305
2906	SUPERPATHWAY OF PYRIDOXAL 5'-PHOSPHATE BIOSYNTHESIS AND SALVAGE:PWY0-845
2907	SUPERPATHWAY OF PYRIMIDINE DEOXYRIBONUCLEOSIDE SALVAGE:PWY-7200
2908	SUPERPATHWAY OF PYRIMIDINE DEOXYRIBONUCLEOSIDES DEGRADATION:PWY0-1298
2909	SUPERPATHWAY OF PYRIMIDINE DEOXYRIBONUCLEOTIDES DE NOVO BIOSYNTHESIS (E. COLI):PWY0-166
2910	SUPERPATHWAY OF PYRIMIDINE DEOXYRIBONUCLEOTIDES DE NOVO BIOSYNTHESIS:PWY-7211
2911	SUPERPATHWAY OF PYRIMIDINE NUCLEOBASES SALVAGE:PWY-7208
2912	SUPERPATHWAY OF PYRIMIDINE RIBONUCLEOSIDES DEGRADATION:PWY-7209
2913	SUPERPATHWAY OF PYRIMIDINE RIBONUCLEOSIDES SALVAGE:PWY-7196
2914	SUPERPATHWAY OF PYRIMIDINE RIBONUCLEOTIDES DE NOVO BIOSYNTHESIS:PWY0-162
2915	SUPERPATHWAY OF QUINOLONE AND ALKYLQUINOLONE BIOSYNTHESIS:PWY-6662
2916	SUPERPATHWAY OF RIFAMYCIN B BIOSYNTHESIS:PWY-5993
2917	SUPERPATHWAY OF ROQUEFORTINE, MELEAGRIN AND NEOXALINE BIOSYNTHESIS:PWY-7609
2918	SUPERPATHWAY OF ROSMARINIC ACID BIOSYNTHESIS:PWY-5071
2919	SUPERPATHWAY OF S-ADENOSYL-L-METHIONINE BIOSYNTHESIS:MET-SAM-PWY
2920	SUPERPATHWAY OF SALICYLATE DEGRADATION:PWY-6182
2921	SUPERPATHWAY OF SCOPOLIN AND ESCULIN BIOSYNTHESIS:PWY-7186
2922	SUPERPATHWAY OF SELENO-COMPOUND METABOLISM:PWY-6395
2923	SUPERPATHWAY OF STEARIDONATE BIOSYNTHESIS (CYANOBACTERIA):PWY-7596
2924	SUPERPATHWAY OF STEROID HORMONE BIOSYNTHESIS:PWY-7305
2925	SUPERPATHWAY OF SULFATE ASSIMILATION AND CYSTEINE BIOSYNTHESIS:SULFATE-CYS-PWY
2926	SUPERPATHWAY OF SULFIDE OXIDATION (ACIDITHIOBACILLUS FERROOXIDANS):PWY-5294
2927	SUPERPATHWAY OF SULFIDE OXIDATION (PHOTOTROPHIC SULFUR BACTERIA):PWY-6676
2928	SUPERPATHWAY OF SULFIDE OXIDATION (STARKEYA NOVELLA):PWY-5335
2929	SUPERPATHWAY OF SULFOLACTATE DEGRADATION:PWY-6641
2930	SUPERPATHWAY OF SULFUR AMINO ACID BIOSYNTHESIS (SACCHAROMYCES CEREVISIAE):PWY-821
2931	SUPERPATHWAY OF SULFUR METABOLISM (DESULFOCAPSA SULFOEXIGENS):PWY-5308
2932	SUPERPATHWAY OF SULFUR OXIDATION (ACIDIANUS AMBIVALENS):PWY-5304
2933	SUPERPATHWAY OF TAURINE DEGRADATION:PWY-1541
2934	SUPERPATHWAY OF TESTOSTERONE AND ANDROSTERONE DEGRADATION:PWY-6937
2935	SUPERPATHWAY OF TETRACYCLINE AND OXYTETRACYCLINE BIOSYNTHESIS:PWY-7809
2936	SUPERPATHWAY OF TETRAHYDROFOLATE BIOSYNTHESIS AND SALVAGE:FOLSYN-PWY
2937	SUPERPATHWAY OF TETRAHYDROFOLATE BIOSYNTHESIS:PWY-6612
2938	SUPERPATHWAY OF TETRAHYDROXYXANTHONE BIOSYNTHESIS:PWY-13
2939	SUPERPATHWAY OF TETRATHIONATE REDUCTION (SALMONELLA TYPHIMURIUM):PWY-5360
2940	SUPERPATHWAY OF THE 3-HYDROXYPROPANOATE CYCLE:PWY-7024
2941	SUPERPATHWAY OF THIAMINE DIPHOSPHATE BIOSYNTHESIS I:THISYN-PWY
2942	SUPERPATHWAY OF THIAMINE DIPHOSPHATE BIOSYNTHESIS II:PWY-6895
2943	SUPERPATHWAY OF THIAMINE DIPHOSPHATE BIOSYNTHESIS III (EUKARYOTES):THISYNARA-PWY
2944	SUPERPATHWAY OF THIOSULFATE METABOLISM (DESULFOVIBRIO SULFODISMUTANS):PWY-5306
2945	SUPERPATHWAY OF TRICHOTHECENE BIOSYNTHESIS:PWY-7715
2946	SUPERPATHWAY OF TRIMETHYLAMINE DEGRADATION:PWY-6962
2947	SUPERPATHWAY OF UBIQUINOL-6 BIOSYNTHESIS (LATE DECARBOXYLATION):PWY-7235
2948	SUPERPATHWAY OF UBIQUINOL-8 BIOSYNTHESIS (EARLY DECARBOXYLATION):UBISYN-PWY
2949	SUPERPATHWAY OF UDP-GLUCOSE-DERIVED O-ANTIGEN BUILDING BLOCKS BIOSYNTHESIS:PWY-7328
2950	SUPERPATHWAY OF UDP-N-ACETYLGLUCOSAMINE-DERIVED O-ANTIGEN BUILDING BLOCKS BIOSYNTHESIS:PWY-7332
2951	SUPERPATHWAY OF UNSATURATED FATTY ACIDS BIOSYNTHESIS (E. COLI):PWY-6284
2952	SUPERPATHWAY OF VANILLIN AND VANILLATE DEGRADATION:PWY-6338
2953	SYNECHOXANTHIN BIOSYNTHESIS:PWY-6280
2954	SYRINGATE DEGRADATION:PWY-6339
2955	SYRINGETIN BIOSYNTHESIS:PWY-5391
2956	T-2 TOXIN BIOSYNTHESIS:PWY-7730
2957	T-ANETHOLE BIOSYNTHESIS:PWY-5867
2958	TABTOXININE-BETA;-LACTAM BIOSYNTHESIS:PWY-7954
2959	TAURINE BIOSYNTHESIS I:PWY-5331
2960	TAURINE BIOSYNTHESIS II:PWY-7850
2961	TAURINE DEGRADATION I:PWY-1263
2962	TAURINE DEGRADATION II:PWY-1264
2963	TAURINE DEGRADATION III:TAURINEDEG-PWY
2964	TAURINE DEGRADATION IV:PWY0-981
2965	TAXADIENE BIOSYNTHESIS (ENGINEERED):PWY-7392
2966	TAXIPHYLLIN BIOACTIVATION:PWY-7089
2967	TAXIPHYLLIN BIOSYNTHESIS:PWY-7088
2968	TAXOL BIOSYNTHESIS:PWY-5660
2969	TCA CYCLE I (PROKARYOTIC):TCA
2970	TCA CYCLE II (PLANTS AND FUNGI):PWY-5690
2971	TCA CYCLE III (ANIMALS):PWY66-398
2972	TCA CYCLE IV (2-OXOGLUTARATE DECARBOXYLASE):P105-PWY
2973	TCA CYCLE V (2-OXOGLUTARATE SYNTHASE):PWY-6969
2974	TCA CYCLE VI (HELICOBACTER):REDCITCYC
2975	TCA CYCLE VII (ACETATE-PRODUCERS):PWY-7254
2976	TEA AROMA GLYCOSIDIC PRECURSOR BIOACTIVATION:PWY-7114
2977	TEICHURONIC ACID BIOSYNTHESIS (B. SUBTILIS 168):PWY-7820
2978	TENELLIN BIOSYNTHESIS:PWY-7561
2979	TEREPHTHALATE DEGRADATION:PWY-7795
2980	TERMINAL O-GLYCANS RESIDUES MODIFICATION (VIA TYPE 2 PRECURSOR DISACCHARIDE):PWY-7434
2981	TERMINAL OLEFINS BIOSYNTHESIS I:PWY-7026
2982	TERMINAL OLEFINS BIOSYNTHESIS II:PWY-7029
2983	TERNATIN C3 BIOSYNTHESIS:PWY-7280
2984	TERNATIN C5 BIOSYNTHESIS:PWY-5295
2985	TERPENTECIN BIOSYNTHESIS:PWY-5930
2986	TERREQUINONE A BIOSYNTHESIS:PWY-7520
2987	TESTOSTERONE AND ANDROSTERONE DEGRADATION TO ANDROSTENDIONE (AEROBIC):PWY-6943
2988	TESTOSTERONE DEGRADATION (ANAEROBIC):PWY-8155
2989	TETRAACYLSUCROSE BIOSYNTHESIS (SOLANUM):PWY18C3-11
2990	TETRACENOMYCIN C BIOSYNTHESIS:PWY-7485
2991	TETRACHLOROETHENE DEGRADATION:PCEDEG-PWY
2992	TETRACYCLINE AND OXYTETRACYCLINE BIOSYNTHESIS:PWY-7812
2993	TETRACYCLINE RESISTANCE:PWY-7808
2994	TETRAHYDROFOLATE BIOSYNTHESIS:PWY-6614
2995	TETRAHYDROFOLATE SALVAGE FROM 5,10-METHENYLTETRAHYDROFOLATE:PWY-6613
2996	TETRAHYDROMETHANOPTERIN BIOSYNTHESIS:PWY-6148
2997	TETRAHYDROMONAPTERIN BIOSYNTHESIS:PWY0-1433
2998	TETRAHYDROPTERIDINE RECYCLING:PWY-8099
2999	TETRAHYDROXYXANTHONE BIOSYNTHESIS (FROM 3-HYDROXYBENZOATE):PWY-5002
3000	TETRAHYDROXYXANTHONE BIOSYNTHESIS (FROM BENZOATE):PWY-5001
3001	TETRAMETHYLPYRAZINE DEGRADATION:PWY-7403
3002	TETRAPYRROLE BIOSYNTHESIS I (FROM GLUTAMATE):PWY-5188
3003	TETRAPYRROLE BIOSYNTHESIS II (FROM GLYCINE):PWY-5189
3004	TETRATHIONATE OXIDATION:PWY-6327
3005	TETRATHIONATE REDUCTION I (TO THIOSULFATE):PWY-5358
3006	TETRATHIONATE REDUCTIUON II (TO TRITHIONATE):PWY-5359
3007	THALIANOL AND DERIVATIVES BIOSYNTHESIS:PWY-5992
3008	THE VISUAL CYCLE (INSECTS):PWY-7042
3009	THE VISUAL CYCLE I (VERTEBRATES):PWY-6861
3010	THE VISUAL CYCLE II (MOLLUSCS):PWY-7041
3011	THEOBROMINE BIOSYNTHESIS I:PWY-5039
3012	THEOBROMINE BIOSYNTHESIS II (VIA XANTHINE):PWY-5040
3013	THEOPHYLLINE DEGRADATION:PWY-6999
3014	THIAMINE DIPHOSPHATE BIOSYNTHESIS I (E. COLI):PWY-6894
3015	THIAMINE DIPHOSPHATE BIOSYNTHESIS II (BACILLUS):PWY-6893
3016	THIAMINE DIPHOSPHATE BIOSYNTHESIS III (STAPHYLOCOCCUS):PWY-6907
3017	THIAMINE DIPHOSPHATE BIOSYNTHESIS IV (EUKARYOTES):PWY-6908
3018	THIAMINE DIPHOSPHATE SALVAGE I:PWY-6896
3019	THIAMINE DIPHOSPHATE SALVAGE II:PWY-6897
3020	THIAMINE DIPHOSPHATE SALVAGE III:PWY-6898
3021	THIAMINE DIPHOSPHATE SALVAGE IV (YEAST):PWY-7356
3022	THIAMINE PHOSPHATE FORMATION FROM PYRITHIAMINE AND OXYTHIAMINE (YEAST):PWY-7357
3023	THIAMINE TRIPHOSPHATE METABOLISM:PWY-7369
3024	THIAZOLE COMPONENT OF THIAMINE DIPHOSPHATE BIOSYNTHESIS I:PWY-6892
3025	THIAZOLE COMPONENT OF THIAMINE DIPHOSPHATE BIOSYNTHESIS II:PWY-6891
3026	THIAZOLE COMPONENT OF THIAMNE DIPHOSPHATE BIOSYNTHESIS III:PWY-6909
3027	THIOCORALINE BIOSYNTHESIS:PWY-7737
3028	THIOCYANATE DEGRADATION I:P581-PWY
3029	THIOCYANATE DEGRADATION II:PWY-743
3030	THIOREDOXIN PATHWAY:THIOREDOX-PWY
3031	THIOSULFATE DISPROPORTIONATION I (THIOL-DEPENDENT):PWY-5277
3032	THIOSULFATE DISPROPORTIONATION II (CYTOCHROME):PWY-5352
3033	THIOSULFATE DISPROPORTIONATION III (QUINONE):PWY-7813
3034	THIOSULFATE DISPROPORTIONATION IV (RHODANESE):PWY-5350
3035	THIOSULFATE OXIDATION I (TO TETRATHIONATE):THIOSULFOX-PWY
3036	THIOSULFATE OXIDATION II (VIA TETRATHIONATE):PWY-5303
3037	THIOSULFATE OXIDATION III (MULTIENZYME COMPLEX):PWY-5296
3038	THIOSULFATE OXIDATION IV (MULTIENZYME COMPLEX):PWY-6677
3039	THREO-TETRAHYDROBIOPTERIN BIOSYNTHESIS:PWY-6983
3040	THYMINE DEGRADATION:PWY-6430
3041	THYROID HORMONE BIOSYNTHESIS:PWY-6241
3042	THYROID HORMONE METABOLISM I (VIA DEIODINATION):PWY-6260
3043	THYROID HORMONE METABOLISM II (VIA CONJUGATION AND/OR DEGRADATION):PWY-6261
3044	THYRONAMINE AND IODOTHYRONAMINE METABOLISM:PWY-6688
3045	TOLUENE DEGRADATION I (AEROBIC) (VIA O-CRESOL):PWY-5180
3046	TOLUENE DEGRADATION II (AEROBIC) (VIA 4-METHYLCATECHOL):PWY-5182
3047	TOLUENE DEGRADATION III (AEROBIC) (VIA P-CRESOL):PWY-5181
3048	TOLUENE DEGRADATION IV (AEROBIC) (VIA CATECHOL):PWY-5178
3049	TOLUENE DEGRADATION TO 2-HYDROXYPENTADIENOATE (VIA 4-METHYLCATECHOL):TOLUENE-DEG-3-OH-PWY
3050	TOLUENE DEGRADATION TO 2-HYDROXYPENTADIENOATE (VIA TOLUENE-CIS-DIOL):TOLUENE-DEG-DIOL-PWY
3051	TOLUENE DEGRADATION TO 2-HYDROXYPENTADIENOATE I (VIA O-CRESOL):TOLUENE-DEG-2-OH-PWY
3052	TOLUENE DEGRADATION TO 4-METHYLPHENOL:TOLUENE-DEG-4-OH-PWY
3053	TOLUENE DEGRADATION TO BENZOATE:TOLUENE-DEG-CATECHOL-PWY
3054	TOLUENE DEGRADATION TO BENZOYL-COA (ANAEROBIC):PWY-81
3055	TOLUENE DEGRADATION V (AEROBIC) (VIA TOLUENE-CIS-DIOL):PWY-5179
3056	TOLUENE DEGRADATION VI (ANAEROBIC):PWY-5184
3057	TOXOFLAVIN BIOSYNTHESIS:PWY-7991
3058	TOYOCAMYCIN BIOSYNTHESIS:PWY-6720
3059	TRANS, TRANS-FARNESYL DIPHOSPHATE BIOSYNTHESIS:PWY-5123
3060	TRANS-3-HYDROXY-L-PROLINE DEGRADATION:PWY-7515
3061	TRANS-4-HYDROXY-L-PROLINE DEGRADATION I:HYDROXYPRODEG-PWY
3062	TRANS-4-HYDROXY-L-PROLINE DEGRADATION II:PWY-5159
3063	TRANS-CAFFEATE DEGRADATION (AEROBIC):PWY-8003
3064	TRANS-LYCOPENE BIOSYNTHESIS I:PWY-5942
3065	TRANS-LYCOPENE BIOSYNTHESIS II (OXYGENIC PHOTOTROPHS AND GREEN SULFUR BACTERIA):PWY-6475
3066	TRANS-ZEATIN BIOSYNTHESIS:PWY-2681
3067	TRAUMATIN AND (Z)-3-HEXEN-1-YL ACETATE BIOSYNTHESIS:PWY-5410
3068	TREHALOSE BIOSYNTHESIS I:TRESYN-PWY
3069	TREHALOSE BIOSYNTHESIS II:PWY-881
3070	TREHALOSE BIOSYNTHESIS III:TREHALOSESYN-PWY
3071	TREHALOSE BIOSYNTHESIS IV:PWY-2622
3072	TREHALOSE BIOSYNTHESIS V:PWY-2661
3073	TREHALOSE BIOSYNTHESIS VI:PWY-5983
3074	TREHALOSE BIOSYNTHESIS VII:PWY-5985
3075	TREHALOSE DEGRADATION I (LOW OSMOLARITY):TREDEGLOW-PWY
3076	TREHALOSE DEGRADATION II (CYTOSOLIC):PWY0-1182
3077	TREHALOSE DEGRADATION III:PWY-2721
3078	TREHALOSE DEGRADATION IV:PWY-2722
3079	TREHALOSE DEGRADATION V:PWY-2723
3080	TREHALOSE DEGRADATION VI (PERIPLASMIC):PWY0-1466
3081	TRIACYLGLYCEROL DEGRADATION:LIPAS-PWY
3082	TRIACYLSUCROSE BIOSYNTHESIS (SOLANUM):PWY18C3-10
3083	TRICETIN METHYLATION:PWY-6631
3084	TRICHLOROETHENE DEGRADATION:PWY-5822
3085	TRICHOME MONOTERPENES BIOSYNTHESIS:PWY-6447
3086	TRICIN BIOSYNTHESIS:PWY-7995
3087	TRICLOSAN RESISTANCE:PWY-7096
3088	TRIDECAPRENYL DIPHOSPHATE BIOSYNTHESIS:PWY-5893
3089	TRIETHYLAMINE DEGRADATION:PWY-7085
3090	TRIGONELLINE BIOSYNTHESIS:PWY-5110
3091	TRIMETHYLAMINE DEGRADATION:PWY-6968
3092	TRNA CHARGING:TRNA-CHARGING-PWY
3093	TRNA METHYLATION (YEAST):PWY-6829
3094	TRNA PROCESSING:PWY0-1479
3095	TRNA SPLICING I:PWY-6689
3096	TRNA SPLICING II:PWY-7803
3097	TRNA-URIDINE 2-THIOLATION (CYTOPLASMIC):PWY-7888
3098	TRNA-URIDINE 2-THIOLATION (MAMMALIAN MITOCHONDRIA):PWY-7889
3099	TRNA-URIDINE 2-THIOLATION (THERMOPHILIC BACTERIA):PWY-7904
3100	TRNA-URIDINE 2-THIOLATION (YEAST MITOCHONDRIA):PWY-7891
3101	TRNA-URIDINE 2-THIOLATION AND SELENATION (BACTERIA):PWY-7892
3102	TRYPANOTHIONE BIOSYNTHESIS:TRYPANOSYN-PWY
3103	TRYPTOQUIALANINE BIOSYNTHESIS:PWY-7660
3104	TUBERONATE GLUCOSIDE BIOSYNTHESIS:PWY-6297
3105	TUNICAMYCIN BIOSYNTHESIS:PWY-7821
3106	TWO-COMPONENT ALKANESULFONATE MONOOXYGENASE:ALKANEMONOX-PWY
3107	TYLOSIN BIOSYNTHESIS:PWY-7415
3108	TYPE I LIPOTEICHOIC ACID BIOSYNTHESIS (S. AUREUS):PWY-7817
3109	TYPE IV LIPOTEICHOIC ACID BIOSYNTHESIS (S. PNEUMONIAE):PWY-7818
3110	UBIQUINOL-10 BIOSYNTHESIS (EARLY DECARBOXYLATION):PWY-5857
3111	UBIQUINOL-10 BIOSYNTHESIS (LATE DECARBOXYLATION):PWY-5872
3112	UBIQUINOL-6 BIOSYNTHESIS (LATE DECARBOXYLATION):PWY3O-19
3113	UBIQUINOL-6 BIOSYNTHESIS FROM 4-AMINOBENZOATE (YEAST):PWY-7230
3114	UBIQUINOL-7 BIOSYNTHESIS (EARLY DECARBOXYLATION):PWY-5855
3115	UBIQUINOL-7 BIOSYNTHESIS (LATE DECARBOXYLATION):PWY-5873
3116	UBIQUINOL-8 BIOSYNTHESIS (EARLY DECARBOXYLATION):PWY-6708
3117	UBIQUINOL-8 BIOSYNTHESIS (LATE DECARBOXYLATION):PWY-5870
3118	UBIQUINOL-9 BIOSYNTHESIS (EARLY DECARBOXYLATION):PWY-5856
3119	UBIQUINOL-9 BIOSYNTHESIS (LATE DECARBOXYLATION):PWY-5871
3120	UDP-2,3-DIACETAMIDO-2,3-DIDEOXY-ALPHA;-D-MANNURONATE BIOSYNTHESIS:PWY-7090
3121	UDP-ALPHA;-D-GALACTOFURANOSE BIOSYNTHESIS:PWY-7622
3122	UDP-ALPHA;-D-GALACTOSE BIOSYNTHESIS:PWY-7344
3123	UDP-ALPHA;-D-GALACTURONATE BIOSYNTHESIS I (FROM UDP-D-GLUCURONATE):PWY-4861
3124	UDP-ALPHA;-D-GALACTURONATE BIOSYNTHESIS II (FROM D-GALACTURONATE):PWY-4
3125	UDP-ALPHA;-D-GLUCOSE BIOSYNTHESIS:PWY-7343
3126	UDP-ALPHA;-D-GLUCURONATE BIOSYNTHESIS (FROM MYO-INOSITOL):PWY-4841
3127	UDP-ALPHA;-D-GLUCURONATE BIOSYNTHESIS (FROM UDP-GLUCOSE):PWY-7346
3128	UDP-ALPHA;-D-XYLOSE BIOSYNTHESIS:PWY-4821
3129	UDP-BETA;-L-ARABINOSE BIOSYNTHESIS I (FROM UDP-ALPHA;-D-XYLOSE):PWY-63
3130	UDP-BETA;-L-ARABINOSE BIOSYNTHESIS II (FROM BETA;-L-ARABINOSE):PWY-82
3131	UDP-BETA;-L-RHAMNOSE BIOSYNTHESIS:PWY-3261
3132	UDP-D-APIOSE BIOSYNTHESIS (FROM UDP-D-GLUCURONATE):PWY-5113
3133	UDP-N,N'-DIACETYLBACILLOSAMINE BIOSYNTHESIS:PWY-7028
3134	UDP-N-ACETYL-ALPHA;-D-FUCOSAMINE BIOSYNTHESIS:PWY-7333
3135	UDP-N-ACETYL-ALPHA;-D-GALACTOSAMINURONATE BIOSYNTHESIS:PWY-7336
3136	UDP-N-ACETYL-ALPHA;-D-MANNOSAMINOURONATE BIOSYNTHESIS:PWY-7335
3137	UDP-N-ACETYL-ALPHA;-D-QUINOVOSAMINE BIOSYNTHESIS:PWY-7334
3138	UDP-N-ACETYL-BETA;-L-FUCOSAMINE BIOSYNTHESIS:PWY-7330
3139	UDP-N-ACETYL-BETA;-L-QUINOVOSAMINE BIOSYNTHESIS:PWY-7331
3140	UDP-N-ACETYL-D-GALACTOSAMINE BIOSYNTHESIS I:PWY-5512
3141	UDP-N-ACETYL-D-GALACTOSAMINE BIOSYNTHESIS II:PWY-5514
3142	UDP-N-ACETYL-D-GALACTOSAMINE BIOSYNTHESIS III:PWY-8013
3143	UDP-N-ACETYL-D-GLUCOSAMINE BIOSYNTHESIS I:UDPNAGSYN-PWY
3144	UDP-N-ACETYL-D-GLUCOSAMINE BIOSYNTHESIS II:UDPNACETYLGALSYN-PWY
3145	UDP-N-ACETYLMURAMOYL-PENTAPEPTIDE BIOSYNTHESIS I (MESO-DIAMINOPIMELATE CONTAINING):PWY-6387
3146	UDP-N-ACETYLMURAMOYL-PENTAPEPTIDE BIOSYNTHESIS II (LYSINE-CONTAINING):PWY-6386
3147	UDP-N-ACETYLMURAMOYL-PENTAPEPTIDE BIOSYNTHESIS III (MESO-DIAMINOPIMELATE CONTAINING):PWY-7953
3148	UDP-SUGARS INTERCONVERSION:PWY-5114
3149	UDP-YELOSAMINE BIOSYNTHESIS:PWY-7842
3150	ULTRA-LONG-CHAIN FATTY ACID BIOSYNTHESIS:PWY-8041
3151	ULVAN DEGRADATION:PWY-7647
3152	UMBELLIFERONE BIOSYNTHESIS:PWY-6982
3153	UMP BIOSYNTHESIS I:PWY-5686
3154	UMP BIOSYNTHESIS II:PWY-7790
3155	UMP BIOSYNTHESIS III:PWY-7791
3156	URACIL DEGRADATION I (REDUCTIVE):PWY-3982
3157	URACIL DEGRADATION II (OXIDATIVE):PWY-6426
3158	URACIL DEGRADATION III:PWY0-1471
3159	URATE CONVERSION TO ALLANTOIN I:PWY-5691
3160	URATE CONVERSION TO ALLANTOIN II:PWY-7394
3161	URATE CONVERSION TO ALLANTOIN III:PWY-7849
3162	UREA CYCLE:PWY-4984
3163	UREA DEGRADATION I:PWY-5703
3164	UREA DEGRADATION II:PWY-5704
3165	UREIDE BIOSYNTHESIS:URSIN-PWY
3166	URSODEOXYCHOLATE BIOSYNTHESIS (BACTERIA):PWY-7588
3167	URSOLATE BIOSYNTHESIS:PWY-7068
3168	UTP AND CTP DE NOVO BIOSYNTHESIS:PWY-7176
3169	UTP AND CTP DEPHOSPHORYLATION I:PWY-7185
3170	UTP AND CTP DEPHOSPHORYLATION II:PWY-7177
3171	VALENCENE AND 7-EPI-ALPHA;-SELINENE BIOSYNTHESIS:PWY-6291
3172	VALIDAMYCIN BIOSYNTHESIS:PWY-5818
3173	VALPROATE BETA;-OXIDATION:PWY-8182
3174	VANCHROBACTIN BIOSYNTHESIS:PWY-7987
3175	VANCOMYCIN RESISTANCE I:PWY-6454
3176	VANCOMYCIN RESISTANCE II:PWY-6455
3177	VANILLIN AND VANILLATE DEGRADATION I:PWY-7097
3178	VANILLIN AND VANILLATE DEGRADATION II:PWY-7098
3179	VANILLIN BIOSYNTHESIS I:PWY-5665
3180	VERNOLATE BIOSYNTHESIS I:PWY-6014
3181	VERNOLATE BIOSYNTHESIS II:PWY-7634
3182	VERNOLATE BIOSYNTHESIS III:PWY-6917
3183	VERSICOLORIN B BIOSYNTHESIS:PWY-5955
3184	VERY LONG CHAIN FATTY ACID BIOSYNTHESIS I:PWY-5080
3185	VERY LONG CHAIN FATTY ACID BIOSYNTHESIS II:PWY-7036
3186	VESTITOL AND SATIVAN BIOSYNTHESIS:PWY-5729
3187	VIBRIOBACTIN BIOSYNTHESIS:PWY-6374
3188	VICIANIN BIOACTIVATION:PWY-7093
3189	VINDOLINE, VINDOROSINE AND VINBLASTINE BIOSYNTHESIS:PWY-5292
3190	VIOLACEIN BIOSYNTHESIS:PWY-7040
3191	VIOLAXANTHIN, ANTHERAXANTHIN AND ZEAXANTHIN INTERCONVERSION:PWY-5945
3192	VIOLDELPHIN BIOSYNTHESIS:PWY-7458
3193	VIRGINIAE BUTANOLIDE TYPE GAMMA;-BUTYROLACTONES BIOSYNTHESIS:PWY-7881
3194	VIRIDICATIN BIOSYNTHESIS:PWY-7704
3195	VIRIDICATUMTOXIN BIOSYNTHESIS:PWY-7659
3196	VITAMIN B6 DEGRADATION:PWY-5499
3197	VITAMIN D3 BIOSYNTHESIS:PWY-6076
3198	VITAMIN E BIOSYNTHESIS (TOCOPHEROLS):PWY-1422
3199	VITAMIN E BIOSYNTHESIS (TOCOTRIENOLS):PWY-7436
3200	VITAMIN K DEGRADATION:PWY-8000
3201	VITAMIN K-EPOXIDE CYCLE:PWY-7999
3202	VITEXIN AND DERIVATIVES BIOSYNTHESIS:PWY-6015
3203	VOLATILE BENZENOID BIOSYNTHESIS I (ESTER FORMATION):PWY-4203
3204	VOLATILE CINNAMOIC ESTER BIOSYNTHESIS:PWY-4201
3205	VOLATILE ESTERS BIOSYNTHESIS (DURING FRUIT RIPENING):PWY-6801
3206	VTC2 CYCLE:PWY4FS-12
3207	WAX ESTERS BIOSYNTHESIS I:PWY-5884
3208	WAX ESTERS BIOSYNTHESIS II:PWY-5885
3209	WIGHTEONE AND LUTEONE BIOSYNTHESIS:PWY-4502
3210	WILLARDIINE AND ISOWILLARDIINE BIOSYNTHESIS:PWY-5021
3211	WOGONIN METABOLISM:PWY-7213
3212	WYBUTOSINE BIOSYNTHESIS:PWY-7283
3213	XANTHAN BIOSYNTHESIS:PWY-6655
3214	XANTHINE AND XANTHOSINE SALVAGE:SALVPURINE2-PWY
3215	XANTHOHUMOL BIOSYNTHESIS:PWY-5135
3216	XYLAN BIOSYNTHESIS:PWY-5800
3217	XYLITOL DEGRADATION:LARABITOLUTIL-PWY
3218	XYLOGALACTURONAN BIOSYNTHESIS:PWY-5980
3219	XYLOGLUCAN BIOSYNTHESIS:PWY-5936
3220	XYLOGLUCAN DEGRADATION I (ENDOGLUCANASE):PWY-6791
3221	XYLOGLUCAN DEGRADATION II (EXOGLUCANASE):PWY-6807
3222	XYLOGLUCAN DEGRADATION III (CELLOBIOHYDROLASE):PWY-6812
3223	YANGONIN BIOSYNTHESIS:PWY-8104
3224	YATEIN BIOSYNTHESIS I:PWY-7748
3225	YATEIN BIOSYNTHESIS II:PWY-7629
3226	YERSINIABACTIN BIOSYNTHESIS:PWY-6407
3227	ZEALEXIN BIOSYNTHESIS:PWY-6888
3228	ZEAXANTHIN BIOSYNTHESIS:PWY-5944
3229	ZEAXANTHIN-BETA;-D-DIGLUCOSIDE BIOSYNTHESIS:PWY-6288
3230	ZERUMBONE BIOSYNTHESIS:PWY-6265
3231	ZWITTERMICIN A BIOSYNTHESIS:PWY-7694
3232	ZYMOSTEROL BIOSYNTHESIS:PWY-6074
